NÚMERO DE ANEXO,CLAVE DE ACUÍFERO,VOLUMEN ANUAL EN m3,FECHA
2968,101,73000.0,2022-05-22
2969,102,60000.0,2022-05-22
2970,102,30000.0,2022-05-22
2971,102,72000.0,2022-05-22
2972,101,30000.0,2022-05-22
2973,101,277000.0,2022-05-22
2974,101,9889.46,2022-05-22
2975,101,200000.0,2022-05-22
2976,101,20000.0,2022-05-22
2977,101,165000.0,2022-05-22
2978,101,155000.0,2022-05-22
2979,101,87000.0,2022-05-22
2980,102,24000.0,2022-05-22
2981,101,10000.0,2022-05-22
2982,102,6000.0,2022-05-22
2983,101,162000.0,2022-05-22
2984,101,120000.0,2022-05-22
2985,101,245430.0,2022-05-22
2986,101,180000.0,2022-05-22
2987,101,120000.0,2022-05-22
2988,101,86400.0,2022-05-22
2989,101,144000.0,2022-05-22
2990,101,19200.0,2022-05-22
2991,101,194000.0,2022-05-22
2992,101,120000.0,2022-05-22
2993,102,100000.0,2022-05-22
2994,105,240000.0,2022-05-22
2995,101,220000.0,2022-05-22
2996,102,192000.0,2022-05-22
2997,101,120000.0,2022-05-22
2998,101,30836.5,2022-05-22
2999,101,130000.0,2022-05-22
3000,102,10000.0,2022-05-22
3001,102,6000.0,2022-05-22
3002,102,9000.0,2022-05-22
3003,102,120000.0,2022-05-22
3004,101,150000.0,2022-05-22
3005,101,150000.0,2022-05-22
3006,101,50000.0,2022-05-22
3007,101,20000.0,2022-05-22
3008,101,100000.0,2022-05-22
3009,101,170000.0,2022-05-22
3010,101,23000.0,2022-05-22
3011,101,35000.0,2022-05-22
3012,101,40000.0,2022-05-22
3013,101,150000.0,2022-05-22
3014,101,46000.0,2022-05-22
3015,101,20000.0,2022-05-22
3016,101,232000.0,2022-05-22
3017,101,72000.0,2022-05-22
3018,101,320000.0,2022-05-22
3019,101,133056.0,2022-05-22
3020,101,36000.0,2022-05-22
3021,101,70350.0,2022-05-22
3022,103,48412.5,2022-05-22
3023,101,40000.0,2022-05-22
3024,101,20000.0,2022-05-22
3025,101,86767.8,2022-05-22
3026,101,127148.0,2022-05-22
3027,101,21084.0,2022-05-22
3028,101,40000.0,2022-05-22
3029,101,30000.0,2022-05-22
3030,101,20000.0,2022-05-22
3031,101,50000.0,2022-05-22
3032,101,357696.0,2022-05-22
3033,101,100000.0,2022-05-22
3034,101,12000.0,2022-05-22
3035,102,192000.0,2022-05-22
3036,102,30000.0,2022-05-22
3037,101,115200.0,2022-05-22
3038,101,240000.0,2022-05-22
3039,102,13000.0,2022-05-22
3040,101,35320.05,2022-05-22
3041,101,341427.1,2022-05-22
3042,101,70000.0,2022-05-22
3043,101,30000.0,2022-05-22
3044,102,12000.0,2022-05-22
3045,101,144000.0,2022-05-22
3046,101,166000.0,2022-05-22
3047,101,50000.0,2022-05-22
3048,101,10000.0,2022-05-22
3049,102,50000.0,2022-05-22
3050,102,30000.0,2022-05-22
3051,101,2500.0,2022-05-22
3052,101,50000.0,2022-05-22
3053,101,47000.0,2022-05-22
3054,101,240000.0,2022-05-22
3055,101,296118.0,2022-05-22
3056,101,46200.0,2022-05-22
3057,101,100000.0,2022-05-22
3058,101,95000.0,2022-05-22
3059,102,35000.0,2022-05-22
3060,102,35000.0,2022-05-22
3061,101,150000.0,2022-05-22
3062,101,38000.0,2022-05-22
3063,101,66000.0,2022-05-22
3064,101,58000.0,2022-05-22
3065,101,80000.0,2022-05-22
3066,101,10000.0,2022-05-22
3067,101,30000.0,2022-05-22
3068,207,48000.0,2022-05-22
3069,218,20000.0,2022-05-22
3070,207,3500.0,2022-05-22
3071,207,115000.0,2022-05-22
3072,207,120000.0,2022-05-22
3073,207,60000.0,2022-05-22
3074,202,630.0,2022-05-22
3075,207,1000.0,2022-05-22
3076,217,240000.0,2022-05-22
3077,207,24000.0,2022-05-22
3078,215,30000.0,2022-05-22
3079,205,9045.0,2022-05-22
3080,220,48000.0,2022-05-22
3081,206,12348.0,2022-05-22
3082,218,12165.0,2022-05-22
3083,224,1020.0,2022-05-22
3084,220,390000.0,2022-05-22
3085,220,390000.0,2022-05-22
3086,235,121900.0,2022-05-22
3087,234,1825.0,2022-05-22
3088,214,18000.0,2022-05-22
3089,212,120000.0,2022-05-22
3090,214,910.0,2022-05-22
3091,214,10390.0,2022-05-22
3092,207,18000.0,2022-05-22
3093,214,30220.0,2022-05-22
3094,207,63640.0,2022-05-22
3095,218,300440.0,2022-05-22
3096,228,804.0,2022-05-22
3097,212,96000.0,2022-05-22
3098,220,53185.0,2022-05-22
3099,224,18000.0,2022-05-22
3100,214,34038.0,2022-05-22
3101,212,2518.0,2022-05-22
3102,230,120765.0,2022-05-22
3103,202,3285.0,2022-05-22
3104,202,3285.0,2022-05-22
3105,212,50000.0,2022-05-22
3106,214,24055.0,2022-05-22
3107,235,120430.0,2022-05-22
3108,230,25205.0,2022-05-22
3109,206,24000.0,2022-05-22
3110,209,65455.0,2022-05-22
3111,246,65416.0,2022-05-22
3112,246,409812.0,2022-05-22
3113,246,519480.0,2022-05-22
3114,205,31536.0,2022-05-22
3115,205,3410.0,2022-05-22
3116,217,14400.0,2022-05-22
3117,207,1800.0,2022-05-22
3118,221,10000.0,2022-05-22
3119,212,15000.0,2022-05-22
3120,202,12865.0,2022-05-22
3121,202,90000.0,2022-05-22
3122,245,100000.0,2022-05-22
3123,215,275.0,2022-05-22
3124,209,20000.0,2022-05-22
3125,202,6000.0,2022-05-22
3126,206,575.0,2022-05-22
3127,218,300385.0,2022-05-22
3128,217,18550.0,2022-05-22
3129,224,550.0,2022-05-22
3130,207,6275.0,2022-05-22
3131,210,120000.0,2022-05-22
3132,202,30275.0,2022-05-22
3133,214,9365.0,2022-05-22
3134,217,2000.0,2022-05-22
3135,212,60000.0,2022-05-22
3136,217,120000.0,2022-05-22
3137,221,80000.0,2022-05-22
3138,214,84000.0,2022-05-22
3139,214,6000.0,2022-05-22
3140,217,12000.0,2022-05-22
3141,246,90000.0,2022-05-22
3142,203,3900.0,2022-05-22
3143,202,30165.0,2022-05-22
3144,217,34260.0,2022-05-22
3145,213,60000.0,2022-05-22
3146,202,60000.0,2022-05-22
3147,202,60000.0,2022-05-22
3148,202,32993.0,2022-05-22
3149,220,60000.0,2022-05-22
3150,206,6000.0,2022-05-22
3151,206,12000.0,2022-05-22
3152,206,6000.0,2022-05-22
3153,205,30000.0,2022-05-22
3154,218,10000.0,2022-05-22
3155,211,640.0,2022-05-22
3156,217,900000.0,2022-05-22
3157,246,58412.0,2022-05-22
3158,246,144889.0,2022-05-22
3159,207,275.0,2022-05-22
3160,202,1280.0,2022-05-22
3161,202,18715.0,2022-05-22
3162,202,9455.0,2022-05-22
3163,202,9000.0,2022-05-22
3164,209,12720.0,2022-05-22
3165,207,5100.0,2022-05-22
3166,212,113940.0,2022-05-22
3167,207,60000.0,2022-05-22
3168,323,14000.0,2022-05-22
3169,306,250400.0,2022-05-22
3170,302,95000.0,2022-05-22
3171,306,250400.0,2022-05-22
3172,316,1500.0,2022-05-22
3173,324,143616.0,2022-05-22
3174,306,250400.0,2022-05-22
3175,323,12000.0,2022-05-22
3176,306,250400.0,2022-05-22
3177,302,150000.0,2022-05-22
3178,306,5400.0,2022-05-22
3179,306,131400.0,2022-05-22
3180,306,250400.0,2022-05-22
3181,306,50000.0,2022-05-22
3182,306,250400.0,2022-05-22
3183,319,3000.0,2022-05-22
3184,306,250400.0,2022-05-22
3185,306,3000.0,2022-05-22
3186,306,3000.0,2022-05-22
3187,312,60000.0,2022-05-22
3188,306,250400.0,2022-05-22
3189,306,250400.0,2022-05-22
3190,327,3000.0,2022-05-22
3191,319,5800.0,2022-05-22
3192,324,3000.0,2022-05-22
3193,320,3000.0,2022-05-22
3194,306,300.0,2022-05-22
3195,329,11000.0,2022-05-22
3196,314,3000.0,2022-05-22
3197,306,100000.0,2022-05-22
3198,306,1150.0,2022-05-22
3199,324,3000.0,2022-05-22
3200,306,17200.0,2022-05-22
3201,306,700.0,2022-05-22
3202,306,3000.0,2022-05-22
3203,319,182.5,2022-05-22
3204,324,151200.0,2022-05-22
3205,306,3000.0,2022-05-22
3206,306,2495.0,2022-05-22
3207,306,3000.0,2022-05-22
3208,302,2500.0,2022-05-22
3209,319,985.5,2022-05-22
3210,306,4827.0,2022-05-22
3211,301,3065.0,2022-05-22
3212,301,1990.0,2022-05-22
3213,306,3000.0,2022-05-22
3214,302,200000.0,2022-05-22
3215,322,2400.0,2022-05-22
3216,306,1149.0,2022-05-22
3217,306,712.0,2022-05-22
3218,309,1500.0,2022-05-22
3219,319,6800.0,2022-05-22
3220,302,50000.0,2022-05-22
3221,302,100000.0,2022-05-22
3222,306,3000.0,2022-05-22
3223,302,12000.0,2022-05-22
3224,319,1000.0,2022-05-22
3225,319,1000.0,2022-05-22
3226,306,250400.0,2022-05-22
3227,324,2000.0,2022-05-22
3228,302,3000.0,2022-05-22
3229,306,250400.0,2022-05-22
3230,319,1000.0,2022-05-22
3231,319,1000.0,2022-05-22
3232,319,1000.0,2022-05-22
3233,306,1000.0,2022-05-22
3234,308,400.0,2022-05-22
3235,306,1825.0,2022-05-22
3236,306,250400.0,2022-05-22
3237,322,3800.0,2022-05-22
3238,306,250400.0,2022-05-22
3239,312,511.0,2022-05-22
3240,306,3000.0,2022-05-22
3241,306,250400.0,2022-05-22
3242,333,100000.0,2022-05-22
3243,320,1544163.0,2022-05-22
3244,306,50400.0,2022-05-22
3245,306,250400.0,2022-05-22
3246,306,250400.0,2022-05-22
3247,306,200000.0,2022-05-22
3248,306,3000.0,2022-05-22
3249,306,100000.0,2022-05-22
3250,319,40000.0,2022-05-22
3251,331,2100.0,2022-05-22
3252,306,1200.0,2022-05-22
3253,323,1500.0,2022-05-22
3254,323,3000.0,2022-05-22
3255,323,3000.0,2022-05-22
3256,323,3000.0,2022-05-22
3257,323,3000.0,2022-05-22
3258,323,3000.0,2022-05-22
3259,323,3000.0,2022-05-22
3260,323,3000.0,2022-05-22
3261,323,3000.0,2022-05-22
3262,323,3000.0,2022-05-22
3263,323,3000.0,2022-05-22
3264,323,3000.0,2022-05-22
3265,323,3000.0,2022-05-22
3266,323,3000.0,2022-05-22
3267,323,3000.0,2022-05-22
3268,3105,1180.47,2022-05-22
3269,3105,53564.0,2022-05-22
3270,3105,24641.25,2022-05-22
3271,3105,7800.0,2022-05-22
3272,3105,874222.0,2022-05-22
3273,3105,14291.5,2022-05-22
3274,3105,320059.6,2022-05-22
3275,3105,8742.0,2022-05-22
3276,3105,26641.9,2022-05-22
3277,3105,87243.0,2022-05-22
3278,3105,44805.0,2022-05-22
3279,3105,505032.0,2022-05-22
3280,3105,365.0,2022-05-22
3281,3105,11486.5,2022-05-22
3282,3105,21225.25,2022-05-22
3283,3105,740898.0,2022-05-22
3284,3105,26227.0,2022-05-22
3285,3105,12213.75,2022-05-22
3286,3105,34996.0,2022-05-22
3287,3105,80863.2,2022-05-22
3288,3105,238200.0,2022-05-22
3289,3105,7145.0,2022-05-22
3290,3105,349968.0,2022-05-22
3291,3105,6181.5,2022-05-22
3292,3105,54435.5,2022-05-22
3293,3105,114255.5,2022-05-22
3294,3105,57715.5,2022-05-22
3295,3105,90159.5,2022-05-22
3296,3105,90512.0,2022-05-22
3297,3105,138151.0,2022-05-22
3298,3105,181958.0,2022-05-22
3299,3105,92965.0,2022-05-22
3300,3105,378643.5,2022-05-22
3301,3105,71578.0,2022-05-22
3302,3105,17498.0,2022-05-22
3303,3105,87420.0,2022-05-22
3304,3105,273.75,2022-05-22
3305,3105,132772.5,2022-05-22
3306,3105,35516.6,2022-05-22
3307,3105,81530.0,2022-05-22
3308,3105,55190.5,2022-05-22
3309,3105,34968.0,2022-05-22
3310,3105,19947.75,2022-05-22
3311,3105,72000.0,2022-05-22
3312,3105,1095.0,2022-05-22
3313,3105,2737.5,2022-05-22
3314,3105,177556.25,2022-05-22
3315,3105,114741.0,2022-05-22
3316,3105,16492.0,2022-05-22
3317,3105,56301.5,2022-05-22
3318,3105,32203.52,2022-05-22
3319,3105,74212.92,2022-05-22
3320,3105,587432.0,2022-05-22
3321,3105,10479.65,2022-05-22
3322,3105,1277.5,2022-05-22
3323,3105,12034.0,2022-05-22
3324,3105,8241.75,2022-05-22
3325,3105,43711.0,2022-05-22
3326,3105,34969.0,2022-05-22
3327,3105,1642.5,2022-05-22
3328,3105,43710.0,2022-05-22
3329,3105,28717.5,2022-05-22
3330,3105,412727.0,2022-05-22
3331,3105,412727.0,2022-05-22
3332,3105,349680.0,2022-05-22
3333,405,28613.5,2022-05-22
3334,3105,158017.0,2022-05-22
3335,3105,175935.0,2022-05-22
3336,3105,1971.0,2022-05-22
3337,3105,1095.0,2022-05-22
3338,3105,28012.0,2022-05-22
3339,3105,1642.5,2022-05-22
3340,3105,36336.0,2022-05-22
3341,3105,27204.0,2022-05-22
3342,3105,633014.76,2022-05-22
3343,3105,181025.0,2022-05-22
3344,3105,19674.0,2022-05-22
3345,3105,147182.0,2022-05-22
3346,3105,764945.19,2022-05-22
3347,3105,732757.05,2022-05-22
3348,3105,764369.76,2022-05-22
3349,3105,8749.0,2022-05-22
3350,3105,28584.0,2022-05-22
3351,3105,240000.0,2022-05-22
3352,3105,1642.5,2022-05-22
3353,3105,61194.0,2022-05-22
3354,3105,20112.0,2022-05-22
3355,3105,27594.75,2022-05-22
3356,3105,83325.85,2022-05-22
3357,3105,1478.25,2022-05-22
3358,3105,37432.75,2022-05-22
3359,3105,350419.0,2022-05-22
3360,3105,1642.5,2022-05-22
3361,3105,1642.5,2022-05-22
3362,3105,111378.0,2022-05-22
3363,3105,533152.5,2022-05-22
3364,3105,21913.0,2022-05-22
3365,3105,1174.5,2022-05-22
3366,3105,821.25,2022-05-22
3367,3105,186228.25,2022-05-22
3368,510,5000.0,2022-05-22
3369,511,238000.0,2022-05-22
3370,511,200000.0,2022-05-22
3371,505,90000.0,2022-05-22
3372,505,36000.0,2022-05-22
3373,523,390000.0,2022-05-22
3374,523,41750.0,2022-05-22
3375,523,31643.0,2022-05-22
3376,510,25000.0,2022-05-22
3377,507,12000.0,2022-05-22
3378,523,300000.0,2022-05-22
3379,523,240000.0,2022-05-22
3380,523,660000.0,2022-05-22
3381,523,240000.0,2022-05-22
3382,523,180000.0,2022-05-22
3383,509,5040.0,2022-05-22
3384,505,65772.0,2022-05-22
3385,505,65772.0,2022-05-22
3386,523,210000.0,2022-05-22
3387,523,15000.0,2022-05-22
3388,523,240000.0,2022-05-22
3389,523,300000.0,2022-05-22
3390,523,192000.0,2022-05-22
3391,523,300000.0,2022-05-22
3392,523,300000.0,2022-05-22
3393,523,210000.0,2022-05-22
3394,523,180000.0,2022-05-22
3395,523,180000.0,2022-05-22
3396,524,144000.0,2022-05-22
3397,509,83575.0,2022-05-22
3398,509,83575.0,2022-05-22
3399,523,240000.0,2022-05-22
3400,523,330000.0,2022-05-22
3401,523,240000.0,2022-05-22
3402,523,928973.0,2022-05-22
3403,523,326665.0,2022-05-22
3404,523,400000.0,2022-05-22
3405,523,400000.0,2022-05-22
3406,523,200000.0,2022-05-22
3407,523,168000.0,2022-05-22
3408,523,420000.0,2022-05-22
3409,510,6000.0,2022-05-22
3410,510,40000.0,2022-05-22
3411,512,60000.0,2022-05-22
3412,510,5000.0,2022-05-22
3413,505,48366.0,2022-05-22
3414,505,96000.0,2022-05-22
3415,505,96000.0,2022-05-22
3416,510,10000.0,2022-05-22
3417,523,16786.0,2022-05-22
3418,523,300000.0,2022-05-22
3419,523,240000.0,2022-05-22
3420,508,121369.0,2022-05-22
3421,502,360000.0,2022-05-22
3422,511,36000.0,2022-05-22
3423,512,6000.0,2022-05-22
3424,523,716.0,2022-05-22
3425,507,30365.0,2022-05-22
3426,523,150000.0,2022-05-22
3427,505,60000.0,2022-05-22
3428,511,47523.0,2022-05-22
3429,510,9000.0,2022-05-22
3430,510,18276.0,2022-05-22
3431,523,300000.0,2022-05-22
3432,507,48450.0,2022-05-22
3433,512,1261440.0,2022-05-22
3434,510,30000.0,2022-05-22
3435,505,31536.0,2022-05-22
3436,505,56764.0,2022-05-22
3437,505,31536.0,2022-05-22
3438,505,220752.0,2022-05-22
3439,505,157680.0,2022-05-22
3440,505,189216.0,2022-05-22
3441,510,54000.0,2022-05-22
3442,511,24000.0,2022-05-22
3443,511,15000.0,2022-05-22
3444,511,10000.0,2022-05-22
3445,507,5400.0,2022-05-22
3446,1024,300000.0,2022-05-22
3447,510,6547.5,2022-05-22
3448,510,2000.0,2022-05-22
3449,510,14400.0,2022-05-22
3450,510,6000.0,2022-05-22
3451,524,242172.0,2022-05-22
3452,523,276000.0,2022-05-22
3453,523,240000.0,2022-05-22
3454,523,783000.0,2022-05-22
3455,523,240000.0,2022-05-22
3456,523,40000.0,2022-05-22
3457,523,240000.0,2022-05-22
3458,511,18000.0,2022-05-22
3459,511,120000.0,2022-05-22
3460,504,300000.0,2022-05-22
3461,508,10153.0,2022-05-22
3462,508,40176.0,2022-05-22
3463,501,174000.0,2022-05-22
3464,504,1008000.0,2022-05-22
3465,511,127000.0,2022-05-22
3466,511,24365.0,2022-05-22
3467,504,180000.0,2022-05-22
3468,601,307300.0,2022-05-22
3469,607,7500.0,2022-05-22
3470,601,492.75,2022-05-22
3471,612,39960.0,2022-05-22
3472,610,40022.0,2022-05-22
3473,610,36000.0,2022-05-22
3474,601,130000.0,2022-05-22
3475,605,60000.0,2022-05-22
3476,607,30000.0,2022-05-22
3477,601,5794.2,2022-05-22
3478,612,33960.0,2022-05-22
3479,607,84000.0,2022-05-22
3480,615,8625.6,2022-05-22
3481,601,328.5,2022-05-22
3482,605,1314.0,2022-05-22
3483,601,100000.0,2022-05-22
3484,614,150000.0,2022-05-22
3485,601,3150.0,2022-05-22
3486,614,180000.0,2022-05-22
3487,605,18360.0,2022-05-22
3488,612,35160.0,2022-05-22
3489,612,18365.0,2022-05-22
3490,601,5000.0,2022-05-22
3491,601,492.75,2022-05-22
3492,601,70000.0,2022-05-22
3493,603,600000.0,2022-05-22
3494,601,36000.0,2022-05-22
3495,607,36730.0,2022-05-22
3496,615,30000.0,2022-05-22
3497,615,15000.0,2022-05-22
3498,615,15000.0,2022-05-22
3499,615,10000.0,2022-05-22
3500,615,12000.0,2022-05-22
3501,609,7000.0,2022-05-22
3502,609,7500.0,2022-05-22
3503,609,40000.0,2022-05-22
3504,601,80000.0,2022-05-22
3505,601,125000.0,2022-05-22
3506,601,65000.0,2022-05-22
3507,612,81000.0,2022-05-22
3508,601,8000.0,2022-05-22
3509,601,45000.0,2022-05-22
3510,601,45000.0,2022-05-22
3511,603,228000.0,2022-05-22
3512,608,5000.0,2022-05-22
3513,603,507500.0,2022-05-22
3514,603,9183.0,2022-05-22
3515,601,525.6,2022-05-22
3516,601,130000.0,2022-05-22
3517,601,131.4,2022-05-22
3518,615,10000.0,2022-05-22
3519,601,163.8,2022-05-22
3520,601,7230.0,2022-05-22
3521,601,78000.0,2022-05-22
3522,605,270.0,2022-05-22
3523,605,492.3,2022-05-22
3524,601,328.5,2022-05-22
3525,609,4826.0,2022-05-22
3526,601,20000.0,2022-05-22
3527,601,15000.0,2022-05-22
3528,601,50000.0,2022-05-22
3529,601,90000.0,2022-05-22
3530,601,140000.0,2022-05-22
3531,601,140000.0,2022-05-22
3532,601,730.0,2022-05-22
3533,603,45000.0,2022-05-22
3534,615,120000.0,2022-05-22
3535,607,24000.0,2022-05-22
3536,601,499.5,2022-05-22
3537,601,163.8,2022-05-22
3538,603,432000.0,2022-05-22
3539,603,432000.0,2022-05-22
3540,603,432000.0,2022-05-22
3541,607,800.0,2022-05-22
3542,601,365.0,2022-05-22
3543,601,3273.3,2022-05-22
3544,607,60000.0,2022-05-22
3545,601,414.0,2022-05-22
3546,601,177000.0,2022-05-22
3547,601,2500.0,2022-05-22
3548,601,250.0,2022-05-22
3549,601,250.0,2022-05-22
3550,603,12000.0,2022-05-22
3551,603,12000.0,2022-05-22
3552,615,576420.0,2022-05-22
3553,615,120300.0,2022-05-22
3554,615,318000.0,2022-05-22
3555,615,604800.0,2022-05-22
3556,615,138300.0,2022-05-22
3557,615,138300.0,2022-05-22
3558,603,186000.0,2022-05-22
3559,601,10000.0,2022-05-22
3560,601,5000.0,2022-05-22
3561,601,10000.0,2022-05-22
3562,601,10000.0,2022-05-22
3563,601,240000.0,2022-05-22
3564,603,10000.0,2022-05-22
3565,601,126000.0,2022-05-22
3566,601,12325.0,2022-05-22
3567,612,36720.0,2022-05-22
3568,706,161511.84,2022-05-22
3569,703,30447.36,2022-05-22
3570,704,47304.0,2022-05-22
3571,706,23587.65,2022-05-22
3572,707,4723.2,2022-05-22
3573,707,6000.0,2022-05-22
3574,704,6000.0,2022-05-22
3575,707,9000.0,2022-05-22
3576,707,4500.0,2022-05-22
3577,710,544320.0,2022-05-22
3578,705,74004.48,2022-05-22
3579,710,350000.0,2022-05-22
3580,710,751680.0,2022-05-22
3581,710,751680.0,2022-05-22
3582,710,750000.0,2022-05-22
3583,710,750000.0,2022-05-22
3584,711,583.2,2022-05-22
3585,710,842400.0,2022-05-22
3586,710,842400.0,2022-05-22
3587,710,282528.0,2022-05-22
3588,703,20080.01,2022-05-22
3589,709,581940.0,2022-05-22
3590,709,581940.0,2022-05-22
3591,710,765000.0,2022-05-22
3592,709,300000.0,2022-05-22
3593,709,90000.0,2022-05-22
3594,710,478164.0,2022-05-22
3595,710,489516.0,2022-05-22
3596,709,798850.0,2022-05-22
3597,710,15768.0,2022-05-22
3598,710,506000.0,2022-05-22
3599,710,85000.0,2022-05-22
3600,703,4595.4,2022-05-22
3601,709,446512.5,2022-05-22
3602,707,11700.0,2022-05-22
3603,707,11700.0,2022-05-22
3604,710,137449.24,2022-05-22
3605,710,11000.0,2022-05-22
3606,710,17000.0,2022-05-22
3607,710,6000.0,2022-05-22
3608,703,66000.0,2022-05-22
3609,703,8640.0,2022-05-22
3610,705,5234.22,2022-05-22
3611,703,21900.0,2022-05-22
3612,702,570000.0,2022-05-22
3613,703,10410.12,2022-05-22
3614,705,19710.0,2022-05-22
3615,705,59130.0,2022-05-22
3616,705,49275.0,2022-05-22
3617,705,43362.0,2022-05-22
3618,703,120000.0,2022-05-22
3619,705,43200.0,2022-05-22
3620,703,8409.6,2022-05-22
3621,703,16920.0,2022-05-22
3622,703,5600.0,2022-05-22
3623,705,4608.0,2022-05-22
3624,702,660679.2,2022-05-22
3625,702,1056456.0,2022-05-22
3626,710,176000.0,2022-05-22
3627,710,699320.0,2022-05-22
3628,710,699320.0,2022-05-22
3629,710,77760.0,2022-05-22
3630,701,420000.0,2022-05-22
3631,711,66000.0,2022-05-22
3632,709,116640.0,2022-05-22
3633,703,3402.0,2022-05-22
3634,703,1005.3,2022-05-22
3635,710,2110.0,2022-05-22
3636,703,1192.32,2022-05-22
3637,710,264000.0,2022-05-22
3638,709,2049.84,2022-05-22
3639,703,20024.0,2022-05-22
3640,703,1022.4,2022-05-22
3641,710,66000.0,2022-05-22
3642,707,41249.25,2022-05-22
3643,707,40783.17,2022-05-22
3644,701,672000.0,2022-05-22
3645,701,672000.0,2022-05-22
3646,701,936000.0,2022-05-22
3647,701,672000.0,2022-05-22
3648,710,603556.0,2022-05-22
3649,703,7609.9,2022-05-22
3650,709,394460.0,2022-05-22
3651,701,392996.14,2022-05-22
3652,701,335998.4,2022-05-22
3653,708,22014.72,2022-05-22
3654,708,26208.0,2022-05-22
3655,708,30000.0,2022-05-22
3656,708,1950.48,2022-05-22
3657,709,146.98,2022-05-22
3658,708,31449.6,2022-05-22
3659,701,191.91,2022-05-22
3660,709,432.0,2022-05-22
3661,701,34.48,2022-05-22
3662,709,48.33,2022-05-22
3663,713,399.82,2022-05-22
3664,701,26.7,2022-05-22
3665,709,126271.75,2022-05-22
3666,708,21000.0,2022-05-22
3667,709,46165.68,2022-05-22
3668,836,45000.0,2022-05-22
3669,809,120000.0,2022-05-22
3670,807,180000.0,2022-05-22
3671,860,140000.0,2022-05-22
3672,819,360000.0,2022-05-22
3673,816,360000.0,2022-05-22
3674,830,400000.0,2022-05-22
3675,830,208180.0,2022-05-22
3676,830,342144.0,2022-05-22
3677,830,404352.0,2022-05-22
3678,807,0.0,2022-05-22
3679,814,20000.0,2022-05-22
3680,814,20000.0,2022-05-22
3681,814,20000.0,2022-05-22
3682,860,300000.0,2022-05-22
3683,805,48000.0,2022-05-22
3684,814,20000.0,2022-05-22
3685,819,240000.0,2022-05-22
3686,801,101808.0,2022-05-22
3687,842,762000.0,2022-05-22
3688,808,100000.0,2022-05-22
3689,825,120000.0,2022-05-22
3690,821,99200.0,2022-05-22
3691,822,47000.0,2022-05-22
3692,822,80000.0,2022-05-22
3693,855,540000.0,2022-05-22
3694,840,360000.0,2022-05-22
3695,822,110000.0,2022-05-22
3696,801,192000.0,2022-05-22
3697,824,360000.0,2022-05-22
3698,801,299484.0,2022-05-22
3699,801,94068.0,2022-05-22
3700,803,60000.0,2022-05-22
3701,804,30000.0,2022-05-22
3702,840,360000.0,2022-05-22
3703,855,540000.0,2022-05-22
3704,829,200000.0,2022-05-22
3705,832,18000.0,2022-05-22
3706,831,60000.0,2022-05-22
3707,831,276000.0,2022-05-22
3708,831,360000.0,2022-05-22
3709,831,1260.0,2022-05-22
3710,806,96000.0,2022-05-22
3711,832,140000.0,2022-05-22
3712,832,150000.0,2022-05-22
3713,860,300000.0,2022-05-22
3714,805,300000.0,2022-05-22
3715,807,42000.0,2022-05-22
3716,835,312000.0,2022-05-22
3717,808,200000.0,2022-05-22
3718,806,96800.0,2022-05-22
3719,860,300000.0,2022-05-22
3720,831,50000.0,2022-05-22
3721,806,96000.0,2022-05-22
3722,855,210000.0,2022-05-22
3723,831,96000.0,2022-05-22
3724,822,8000.0,2022-05-22
3725,821,360000.0,2022-05-22
3726,814,330000.0,2022-05-22
3727,832,90000.0,2022-05-22
3728,808,180000.0,2022-05-22
3729,805,5000.0,2022-05-22
3730,808,200000.0,2022-05-22
3731,814,20000.0,2022-05-22
3732,822,360000.0,2022-05-22
3733,822,1000.0,2022-05-22
3734,831,100000.0,2022-05-22
3735,844,600000.0,2022-05-22
3736,814,300000.0,2022-05-22
3737,832,359640.0,2022-05-22
3738,814,100000.0,2022-05-22
3739,835,400000.0,2022-05-22
3740,805,2000.0,2022-05-22
3741,803,120000.0,2022-05-22
3742,805,1500.0,2022-05-22
3743,805,240000.0,2022-05-22
3744,825,1000.0,2022-05-22
3745,805,1058.0,2022-05-22
3746,822,50000.0,2022-05-22
3747,805,1000.0,2022-05-22
3748,805,240000.0,2022-05-22
3749,835,28000.0,2022-05-22
3750,801,150000.0,2022-05-22
3751,814,100000.0,2022-05-22
3752,814,100000.0,2022-05-22
3753,808,36000.0,2022-05-22
3754,801,480000.0,2022-05-22
3755,805,482.0,2022-05-22
3756,832,340000.0,2022-05-22
3757,807,20000.0,2022-05-22
3758,855,120000.0,2022-05-22
3759,841,540000.0,2022-05-22
3760,841,540000.0,2022-05-22
3761,814,396000.0,2022-05-22
3762,808,144000.0,2022-05-22
3763,814,300000.0,2022-05-22
3764,821,390000.0,2022-05-22
3765,832,300000.0,2022-05-22
3766,806,176000.0,2022-05-22
3767,841,360000.0,2022-05-22
3768,901,450000.0,2022-05-22
3769,901,950000.0,2022-05-22
3770,901,1800000.0,2022-05-22
3771,901,270720.0,2022-05-22
3772,901,14701.0,2022-05-22
3773,901,43200.0,2022-05-22
3774,901,121500.0,2022-05-22
3775,901,81000.0,2022-05-22
3776,901,882500.0,2022-05-22
3777,901,91000.0,2022-05-22
3778,901,100000.0,2022-05-22
3779,901,11500.0,2022-05-22
3780,901,11500.0,2022-05-22
3781,901,3383.0,2022-05-22
3782,901,4100.0,2022-05-22
3783,901,19814.0,2022-05-22
3784,901,20000.0,2022-05-22
3785,901,210000.0,2022-05-22
3786,901,360000.0,2022-05-22
3787,901,22000.0,2022-05-22
3788,901,10400.0,2022-05-22
3789,901,52024.0,2022-05-22
3790,901,17187.0,2022-05-22
3791,901,114559.0,2022-05-22
3792,901,105120.0,2022-05-22
3793,901,118510.0,2022-05-22
3794,901,7000.0,2022-05-22
3795,901,29864.0,2022-05-22
3796,901,9262.0,2022-05-22
3797,901,50000.0,2022-05-22
3798,901,68.0,2022-05-22
3799,901,20000.0,2022-05-22
3800,901,100000.0,2022-05-22
3801,901,21000.0,2022-05-22
3802,901,46018.0,2022-05-22
3803,901,1112.0,2022-05-22
3804,901,8432.0,2022-05-22
3805,901,108000.0,2022-05-22
3806,901,43200.0,2022-05-22
3807,901,57183.0,2022-05-22
3808,901,51090.0,2022-05-22
3809,901,22457.0,2022-05-22
3810,901,240.0,2022-05-22
3811,901,32400.0,2022-05-22
3812,901,32400.0,2022-05-22
3813,901,1100.0,2022-05-22
3814,901,26730.0,2022-05-22
3815,901,571.0,2022-05-22
3816,901,250000.0,2022-05-22
3817,901,236880.0,2022-05-22
3818,901,15000.0,2022-05-22
3819,901,110000.0,2022-05-22
3820,901,50000.0,2022-05-22
3821,901,8295.0,2022-05-22
3822,901,4060.0,2022-05-22
3823,901,400000.0,2022-05-22
3824,901,417255.0,2022-05-22
3825,901,964656.0,2022-05-22
3826,901,722700.0,2022-05-22
3827,901,4495.0,2022-05-22
3828,901,149073.0,2022-05-22
3829,901,290.0,2022-05-22
3830,901,38000.0,2022-05-22
3831,901,95562.0,2022-05-22
3832,901,1700.0,2022-05-22
3833,901,302000.0,2022-05-22
3834,901,21600.0,2022-05-22
3835,901,61000.0,2022-05-22
3836,901,407340.0,2022-05-22
3837,901,42052.0,2022-05-22
3838,901,315360.0,2022-05-22
3839,901,38669.0,2022-05-22
3840,901,517.0,2022-05-22
3841,901,7003.0,2022-05-22
3842,901,1002.0,2022-05-22
3843,901,75.0,2022-05-22
3844,901,25000.0,2022-05-22
3845,901,13530.0,2022-05-22
3846,901,227504.0,2022-05-22
3847,901,227504.0,2022-05-22
3848,901,16200.0,2022-05-22
3849,901,6523.0,2022-05-22
3850,901,50000.0,2022-05-22
3851,901,101800.0,2022-05-22
3852,901,114615.0,2022-05-22
3853,901,17000.0,2022-05-22
3854,901,250.0,2022-05-22
3855,901,125098.0,2022-05-22
3856,901,168596.0,2022-05-22
3857,901,15012.0,2022-05-22
3858,901,130291.0,2022-05-22
3859,901,4444.0,2022-05-22
3860,901,110498.0,2022-05-22
3861,901,77328.0,2022-05-22
3862,901,85920.0,2022-05-22
3863,901,50000.0,2022-05-22
3864,901,25000.0,2022-05-22
3865,901,162000.0,2022-05-22
3866,901,320207.0,2022-05-22
3867,901,1651.0,2022-05-22
3868,1013,468000.0,2022-05-22
3869,1001,150000.0,2022-05-22
3870,1001,150000.0,2022-05-22
3871,1006,3000.0,2022-05-22
3872,1003,1000.0,2022-05-22
3873,1008,12639.0,2022-05-22
3874,1013,450000.0,2022-05-22
3875,1013,30000.0,2022-05-22
3876,1008,42547.5,2022-05-22
3877,1006,600.0,2022-05-22
3878,1010,1825.0,2022-05-22
3879,1003,20000.0,2022-05-22
3880,1011,8190.0,2022-05-22
3881,1019,120000.0,2022-05-22
3882,1019,120000.0,2022-05-22
3883,1019,42000.0,2022-05-22
3884,1019,1825.0,2022-05-22
3885,1002,7000.0,2022-05-22
3886,1028,2738.0,2022-05-22
3887,1025,100000.0,2022-05-22
3888,523,20000.0,2022-05-22
3889,1028,124416.0,2022-05-22
3890,1003,1000.0,2022-05-22
3891,1028,18000.0,2022-05-22
3892,1028,36000.0,2022-05-22
3893,1003,10000.0,2022-05-22
3894,1028,10950.0,2022-05-22
3895,1028,7300.0,2022-05-22
3896,1028,17496.0,2022-05-22
3897,1028,124416.0,2022-05-22
3898,1028,279936.0,2022-05-22
3899,1011,1825.0,2022-05-22
3900,1028,31104.0,2022-05-22
3901,523,2478.0,2022-05-22
3902,1022,6844.0,2022-05-22
3903,523,240000.0,2022-05-22
3904,1024,240000.0,2022-05-22
3905,1022,100000.0,2022-05-22
3906,1023,240000.0,2022-05-22
3907,1022,3000.0,2022-05-22
3908,1025,474000.0,2022-05-22
3909,1023,360000.0,2022-05-22
3910,1006,6000.0,2022-05-22
3911,1003,16000.0,2022-05-22
3912,1023,240000.0,2022-05-22
3913,1024,420000.0,2022-05-22
3914,1023,5475.0,2022-05-22
3915,1003,1000.0,2022-05-22
3916,523,240000.0,2022-05-22
3917,1023,280000.0,2022-05-22
3918,1023,200000.0,2022-05-22
3919,1001,3000.0,2022-05-22
3920,523,240000.0,2022-05-22
3921,1023,1186.0,2022-05-22
3922,523,240000.0,2022-05-22
3923,1023,1277.5,2022-05-22
3924,1006,1825.0,2022-05-22
3925,1003,217031.0,2022-05-22
3926,1003,228000.0,2022-05-22
3927,1008,5110.0,2022-05-22
3928,523,27197.0,2022-05-22
3929,1016,55800.0,2022-05-22
3930,523,240000.0,2022-05-22
3931,1025,10000.0,2022-05-22
3932,1025,300000.0,2022-05-22
3933,1023,300000.0,2022-05-22
3934,1001,14760.0,2022-05-22
3935,1023,9125.0,2022-05-22
3936,523,222000.0,2022-05-22
3937,1022,1709.0,2022-05-22
3938,1026,310.0,2022-05-22
3939,1025,538980.0,2022-05-22
3940,1023,180000.0,2022-05-22
3941,1025,10000.0,2022-05-22
3942,1023,300000.0,2022-05-22
3943,1002,142600.0,2022-05-22
3944,1022,5019.0,2022-05-22
3945,523,562751.0,2022-05-22
3946,1003,202800.0,2022-05-22
3947,1023,53655.0,2022-05-22
3948,523,200000.0,2022-05-22
3949,1025,180000.0,2022-05-22
3950,1022,48775.0,2022-05-22
3951,523,530000.0,2022-05-22
3952,1003,1000.0,2022-05-22
3953,1024,192000.0,2022-05-22
3954,1001,48000.0,2022-05-22
3955,1001,54000.0,2022-05-22
3956,1005,120000.0,2022-05-22
3957,1005,120000.0,2022-05-22
3958,1025,24000.0,2022-05-22
3959,1001,35214.0,2022-05-22
3960,1024,50000.0,2022-05-22
3961,1023,240000.0,2022-05-22
3962,1003,157916.0,2022-05-22
3963,523,240000.0,2022-05-22
3964,1001,39410.0,2022-05-22
3965,1009,2737.5,2022-05-22
3966,1003,60000.0,2022-05-22
3967,1001,60000.0,2022-05-22
3968,1115,510000.0,2022-05-22
3969,1115,100000.0,2022-05-22
3970,1115,170000.0,2022-05-22
3971,1108,20000.0,2022-05-22
3972,1107,126000.0,2022-05-22
3973,1115,27976.0,2022-05-22
3974,1120,199078.0,2022-05-22
3975,1118,12000.0,2022-05-22
3976,1120,50000.0,2022-05-22
3977,1120,50000.0,2022-05-22
3978,1108,10000.0,2022-05-22
3979,1119,15000.0,2022-05-22
3980,1115,76186.0,2022-05-22
3981,1107,450000.0,2022-05-22
3982,1108,120000.0,2022-05-22
3983,1108,30000.0,2022-05-22
3984,1115,90000.0,2022-05-22
3985,1104,80000.0,2022-05-22
3986,1119,100000.0,2022-05-22
3987,1108,8000.0,2022-05-22
3988,1119,15000.0,2022-05-22
3989,1119,15000.0,2022-05-22
3990,1115,0.0,2022-05-22
3991,1119,12000.0,2022-05-22
3992,1119,18000.0,2022-05-22
3993,1113,20000.0,2022-05-22
3994,1115,288000.0,2022-05-22
3995,1115,180000.0,2022-05-22
3996,1113,36000.0,2022-05-22
3997,1110,180000.0,2022-05-22
3998,1110,114000.0,2022-05-22
3999,1110,150000.0,2022-05-22
4000,1110,313500.0,2022-05-22
4001,1108,120000.0,2022-05-22
4002,1119,174552.0,2022-05-22
4003,1118,216000.0,2022-05-22
4004,1114,22000.0,2022-05-22
4005,1115,30000.0,2022-05-22
4006,1115,10000.0,2022-05-22
4007,1108,26000.0,2022-05-22
4008,1108,187800.0,2022-05-22
4009,1108,50000.0,2022-05-22
4010,1113,36000.0,2022-05-22
4011,1108,80000.0,2022-05-22
4012,1114,138000.0,2022-05-22
4013,1117,125000.0,2022-05-22
4014,1117,72000.0,2022-05-22
4015,1115,50000.0,2022-05-22
4016,1119,100000.0,2022-05-22
4017,1119,50000.0,2022-05-22
4018,1118,22500.0,2022-05-22
4019,1108,360000.0,2022-05-22
4020,1113,18000.0,2022-05-22
4021,2412,240000.0,2022-05-22
4022,1115,165000.0,2022-05-22
4023,1107,144000.0,2022-05-22
4024,1108,240000.0,2022-05-22
4025,1104,54000.0,2022-05-22
4026,1117,144000.0,2022-05-22
4027,1119,34080.0,2022-05-22
4028,1120,24000.0,2022-05-22
4029,1122,156000.0,2022-05-22
4030,1110,72000.0,2022-05-22
4031,1122,38434.0,2022-05-22
4032,1115,45000.0,2022-05-22
4033,1115,120000.0,2022-05-22
4034,1110,125501.4,2022-05-22
4035,1113,54000.0,2022-05-22
4036,1122,339000.0,2022-05-22
4037,1120,90000.0,2022-05-22
4038,1119,150000.0,2022-05-22
4039,1120,60000.0,2022-05-22
4040,1115,66000.0,2022-05-22
4041,1122,370000.0,2022-05-22
4042,1104,180000.0,2022-05-22
4043,1120,258000.0,2022-05-22
4044,1113,20000.0,2022-05-22
4045,1120,72000.0,2022-05-22
4046,1115,130000.0,2022-05-22
4047,1115,210000.0,2022-05-22
4048,1110,108000.0,2022-05-22
4049,1104,20000.0,2022-05-22
4050,1106,216000.0,2022-05-22
4051,1115,10000.0,2022-05-22
4052,1104,300000.0,2022-05-22
4053,1115,288000.0,2022-05-22
4054,1115,288000.0,2022-05-22
4055,1120,60000.0,2022-05-22
4056,1120,180000.0,2022-05-22
4057,1113,145915.0,2022-05-22
4058,1113,20000.0,2022-05-22
4059,1113,5000.0,2022-05-22
4060,1113,40000.0,2022-05-22
4061,1113,40000.0,2022-05-22
4062,1113,40000.0,2022-05-22
4063,1113,150000.0,2022-05-22
4064,1119,34000.0,2022-05-22
4065,1119,111000.0,2022-05-22
4066,1108,20000.0,2022-05-22
4067,1108,25000.0,2022-05-22
4068,1230,18144.0,2022-05-22
4069,1230,7560.0,2022-05-22
4070,1230,7741.44,2022-05-22
4071,1230,9331.2,2022-05-22
4072,1230,16588.8,2022-05-22
4073,1230,11059.2,2022-05-22
4074,1230,8294.4,2022-05-22
4075,1230,2764.8,2022-05-22
4076,1230,11289.6,2022-05-22
4077,1230,9676.8,2022-05-22
4078,1230,8294.4,2022-05-22
4079,1230,11059.2,2022-05-22
4080,1230,19906.56,2022-05-22
4081,1233,17476.0,2022-05-22
4082,1234,14388.0,2022-05-22
4083,1233,3000.0,2022-05-22
4084,1233,9724.0,2022-05-22
4085,1228,10754.0,2022-05-22
4086,1207,314496.0,2022-05-22
4087,1207,358819.2,2022-05-22
4088,1213,47589.12,2022-05-22
4089,1223,23498.0,2022-05-22
4090,1221,11750.4,2022-05-22
4091,1235,7741.44,2022-05-22
4092,1235,71136.0,2022-05-22
4093,1235,6635.52,2022-05-22
4094,1235,27648.0,2022-05-22
4095,1235,26542.08,2022-05-22
4096,1235,1000.0,2022-05-22
4097,1216,18250.0,2022-05-22
4098,1230,7741.44,2022-05-22
4099,1230,7741.44,2022-05-22
4100,1230,3317.76,2022-05-22
4101,1230,12450.0,2022-05-22
4102,1235,6635.52,2022-05-22
4103,1230,4423.68,2022-05-22
4104,1230,3317.76,2022-05-22
4105,1230,11059.2,2022-05-22
4106,1235,26542.08,2022-05-22
4107,1235,288000.0,2022-05-22
4108,1230,26542.08,2022-05-22
4109,1230,5308.42,2022-05-22
4110,1230,7741.44,2022-05-22
4111,1230,2177.28,2022-05-22
4112,1230,74649.6,2022-05-22
4113,1230,4866.05,2022-05-22
4114,1230,26542.08,2022-05-22
4115,1235,4976.64,2022-05-22
4116,1235,5529.6,2022-05-22
4117,1235,4423.68,2022-05-22
4118,1230,6635.52,2022-05-22
4119,1230,8847.36,2022-05-22
4120,1235,26542.08,2022-05-22
4121,1230,4423.68,2022-05-22
4122,1230,49766.4,2022-05-22
4123,1230,6635.52,2022-05-22
4124,1230,3870.72,2022-05-22
4125,1230,11059.2,2022-05-22
4126,1221,7603.0,2022-05-22
4127,1227,136875.0,2022-05-22
4128,1235,25920.0,2022-05-22
4129,1208,4350.6,2022-05-22
4130,1234,9754.9,2022-05-22
4131,1215,10886.0,2022-05-22
4132,1227,1152.1,2022-05-22
4133,1225,17480.0,2022-05-22
4134,1227,3078.0,2022-05-22
4135,1233,11060.0,2022-05-22
4136,1230,17510.4,2022-05-22
4137,1230,1747.35,2022-05-22
4138,1235,7741.44,2022-05-22
4139,1235,7741.44,2022-05-22
4140,1235,10321.92,2022-05-22
4141,1230,7741.44,2022-05-22
4142,1224,3456.0,2022-05-22
4143,1202,45990.0,2022-05-22
4144,1227,19476.4,2022-05-22
4145,1227,11957.4,2022-05-22
4146,1227,26542.08,2022-05-22
4147,1227,6635.52,2022-05-22
4148,1227,4976.64,2022-05-22
4149,1227,7741.44,2022-05-22
4150,1227,8847.36,2022-05-22
4151,1227,8847.36,2022-05-22
4152,1227,7603.2,2022-05-22
4153,1227,5160.96,2022-05-22
4154,1227,2376.0,2022-05-22
4155,1227,19353.6,2022-05-22
4156,1227,9953.28,2022-05-22
4157,1227,1382.4,2022-05-22
4158,1227,1382.4,2022-05-22
4159,1227,4147.2,2022-05-22
4160,1227,22630.0,2022-05-22
4161,1227,1489.86,2022-05-22
4162,1226,821.0,2022-05-22
4163,1221,4230.14,2022-05-22
4164,1235,7741.44,2022-05-22
4165,1230,2764.8,2022-05-22
4166,1230,1474.56,2022-05-22
4167,1221,14745.6,2022-05-22
4168,1310,24000.0,2022-05-22
4169,1313,246000.0,2022-05-22
4170,1508,425000.0,2022-05-22
4171,1508,425000.0,2022-05-22
4172,1508,360000.0,2022-05-22
4173,1310,273.75,2022-05-22
4174,1317,4500.0,2022-05-22
4175,1312,146.0,2022-05-22
4176,1508,105000.0,2022-05-22
4177,1312,52012.5,2022-05-22
4178,1307,180000.0,2022-05-22
4179,3017,192173.0,2022-05-22
4180,1307,88093.0,2022-05-22
4181,1315,394.0,2022-05-22
4182,1315,648.0,2022-05-22
4183,1305,231483.0,2022-05-22
4184,1317,204000.0,2022-05-22
4185,1317,100000.0,2022-05-22
4186,1313,90000.0,2022-05-22
4187,1313,221026.0,2022-05-22
4188,1307,36000.0,2022-05-22
4189,1313,19929.0,2022-05-22
4190,1317,90000.0,2022-05-22
4191,1312,16425.0,2022-05-22
4192,1312,109500.0,2022-05-22
4193,1314,12600.0,2022-05-22
4194,1312,46446.0,2022-05-22
4195,1312,7282.0,2022-05-22
4196,1317,346.0,2022-05-22
4197,1317,150000.0,2022-05-22
4198,1320,162005.0,2022-05-22
4199,1301,4818.0,2022-05-22
4200,1301,10019.0,2022-05-22
4201,1310,3100.0,2022-05-22
4202,1310,360000.0,2022-05-22
4203,1320,234000.0,2022-05-22
4204,1317,570240.0,2022-05-22
4205,1317,120000.0,2022-05-22
4206,1317,19710.0,2022-05-22
4207,1320,123899.0,2022-05-22
4208,1320,46920.0,2022-05-22
4209,1313,134466.0,2022-05-22
4210,1318,82125.0,2022-05-22
4211,1305,124118.0,2022-05-22
4212,1316,3600.0,2022-05-22
4213,1314,6300.0,2022-05-22
4214,1320,51629.0,2022-05-22
4215,1315,28361.0,2022-05-22
4216,1317,30000.0,2022-05-22
4217,1314,8651.0,2022-05-22
4218,1317,246594.0,2022-05-22
4219,1320,2000.0,2022-05-22
4220,1319,33452.0,2022-05-22
4221,1320,183.0,2022-05-22
4222,1317,95429.0,2022-05-22
4223,1317,80000.0,2022-05-22
4224,1320,1369.0,2022-05-22
4225,1312,46045.0,2022-05-22
4226,1317,348000.0,2022-05-22
4227,1317,420933.0,2022-05-22
4228,1317,238271.0,2022-05-22
4229,1317,8212.0,2022-05-22
4230,1318,315634.0,2022-05-22
4231,1313,78840.0,2022-05-22
4232,1305,16500.0,2022-05-22
4233,1317,242352.0,2022-05-22
4234,1317,100643.0,2022-05-22
4235,1317,9600.0,2022-05-22
4236,1317,11016.0,2022-05-22
4237,1508,20000.0,2022-05-22
4238,1307,173040.0,2022-05-22
4239,1310,502632.5,2022-05-22
4240,1310,502632.5,2022-05-22
4241,1317,180000.0,2022-05-22
4242,1310,230771.0,2022-05-22
4243,1317,20000.0,2022-05-22
4244,1317,100000.0,2022-05-22
4245,1317,10000.0,2022-05-22
4246,1317,20000.0,2022-05-22
4247,1317,5000.0,2022-05-22
4248,1508,30000.0,2022-05-22
4249,1310,31207.47,2022-05-22
4250,1312,90392.25,2022-05-22
4251,1310,652788.22,2022-05-22
4252,1314,5146.5,2022-05-22
4253,1313,58527.75,2022-05-22
4254,1313,56830.5,2022-05-22
4255,1312,15768.0,2022-05-22
4256,1312,4051.5,2022-05-22
4257,1312,19053.0,2022-05-22
4258,1313,189216.0,2022-05-22
4259,1312,38325.0,2022-05-22
4260,1313,189216.0,2022-05-22
4261,1313,62305.5,2022-05-22
4262,1319,120866.64,2022-05-22
4263,1310,66000.0,2022-05-22
4264,1312,32850.0,2022-05-22
4265,1309,16315.5,2022-05-22
4266,1314,56556.75,2022-05-22
4267,1319,6000.0,2022-05-22
4268,1422,23190.0,2022-05-22
4269,1416,100000.0,2022-05-22
4270,1442,114000.0,2022-05-22
4271,1459,14000.0,2022-05-22
4272,1449,23075.0,2022-05-22
4273,1447,50000.0,2022-05-22
4274,1449,115323.0,2022-05-22
4275,1449,48000.0,2022-05-22
4276,1449,36000.0,2022-05-22
4277,1439,18144.0,2022-05-22
4278,1406,31486.0,2022-05-22
4279,1422,20000.0,2022-05-22
4280,1401,500000.0,2022-05-22
4281,1402,50000.0,2022-05-22
4282,1402,12000.0,2022-05-22
4283,1402,30000.0,2022-05-22
4284,1402,12000.0,2022-05-22
4285,1402,10500.0,2022-05-22
4286,1402,6000.0,2022-05-22
4287,1402,80000.0,2022-05-22
4288,1402,10000.0,2022-05-22
4289,1402,13327.8,2022-05-22
4290,1402,60000.0,2022-05-22
4291,1402,20000.0,2022-05-22
4292,1402,33895.0,2022-05-22
4293,1401,200000.0,2022-05-22
4294,1450,70000.0,2022-05-22
4295,1409,12000.0,2022-05-22
4296,1406,100000.0,2022-05-22
4297,1401,5000.0,2022-05-22
4298,1401,5000.0,2022-05-22
4299,1403,10000.0,2022-05-22
4300,1434,465375.0,2022-05-22
4301,1409,138000.0,2022-05-22
4302,1404,144000.0,2022-05-22
4303,1408,3000.0,2022-05-22
4304,1410,225000.0,2022-05-22
4305,1408,30000.0,2022-05-22
4306,1408,21000.0,2022-05-22
4307,1419,21000.0,2022-05-22
4308,1410,309125.0,2022-05-22
4309,1408,20000.0,2022-05-22
4310,1404,150000.0,2022-05-22
4311,1404,70000.0,2022-05-22
4312,1450,0.0,2022-05-22
4313,1401,30000.0,2022-05-22
4314,1401,90000.0,2022-05-22
4315,1410,180000.0,2022-05-22
4316,1402,114579.0,2022-05-22
4317,1419,167400.0,2022-05-22
4318,1419,64670.0,2022-05-22
4319,1408,216000.0,2022-05-22
4320,1459,80870.0,2022-05-22
4321,1401,394690.0,2022-05-22
4322,1401,425306.7,2022-05-22
4323,1424,248230.0,2022-05-22
4324,1410,78514.0,2022-05-22
4325,1449,22190.0,2022-05-22
4326,1427,30000.0,2022-05-22
4327,1403,38880.0,2022-05-22
4328,1442,6000.0,2022-05-22
4329,1419,36547.0,2022-05-22
4330,1410,54000.0,2022-05-22
4331,1406,126000.0,2022-05-22
4332,1419,34325.0,2022-05-22
4333,1424,41000.0,2022-05-22
4334,1401,110000.0,2022-05-22
4335,1419,37012.0,2022-05-22
4336,1449,35160.0,2022-05-22
4337,1401,350.0,2022-05-22
4338,1401,700.0,2022-05-22
4339,1419,78547.0,2022-05-22
4340,1408,34223.0,2022-05-22
4341,1408,78000.0,2022-05-22
4342,1422,120000.0,2022-05-22
4343,1419,22625.0,2022-05-22
4344,1409,70000.0,2022-05-22
4345,1419,360000.0,2022-05-22
4346,1450,24000.0,2022-05-22
4347,1402,19255.0,2022-05-22
4348,1420,174000.0,2022-05-22
4349,1408,192000.0,2022-05-22
4350,1406,53880.0,2022-05-22
4351,1449,60000.0,2022-05-22
4352,1428,189000.0,2022-05-22
4353,1413,271566.0,2022-05-22
4354,1403,70436.0,2022-05-22
4355,1405,34000.0,2022-05-22
4356,1405,25000.0,2022-05-22
4357,1450,6000.0,2022-05-22
4358,1450,8000.0,2022-05-22
4359,1450,6000.0,2022-05-22
4360,1422,9125.0,2022-05-22
4361,1450,12000.0,2022-05-22
4362,1450,9645.0,2022-05-22
4363,1449,12000.0,2022-05-22
4364,1449,9000.0,2022-05-22
4365,1449,15000.0,2022-05-22
4366,1417,456000.0,2022-05-22
4367,1402,53850.3,2022-05-22
4368,1502,55000.0,2022-05-22
4369,1507,20000.0,2022-05-22
4370,1501,1000000.0,2022-05-22
4371,1501,300000.0,2022-05-22
4372,1501,95739.0,2022-05-22
4373,1501,438000.0,2022-05-22
4374,1501,50000.0,2022-05-22
4375,1502,11000.0,2022-05-22
4376,1501,280000.0,2022-05-22
4377,1501,30000.0,2022-05-22
4378,1504,172888.0,2022-05-22
4379,1508,229312.0,2022-05-22
4380,1501,91250.0,2022-05-22
4381,1508,749692.0,2022-05-22
4382,1508,664160.0,2022-05-22
4383,1508,120000.0,2022-05-22
4384,1501,225000.0,2022-05-22
4385,1501,225000.0,2022-05-22
4386,1501,354584.0,2022-05-22
4387,1507,30000.0,2022-05-22
4388,901,85970.0,2022-05-22
4389,1505,60000.0,2022-05-22
4390,1508,734400.0,2022-05-22
4391,1507,248000.0,2022-05-22
4392,1507,102209.0,2022-05-22
4393,1501,260000.0,2022-05-22
4394,1507,186000.0,2022-05-22
4395,1508,360000.0,2022-05-22
4396,1506,3728.0,2022-05-22
4397,1506,138240.0,2022-05-22
4398,1501,35000.0,2022-05-22
4399,1501,309800.0,2022-05-22
4400,1501,300000.0,2022-05-22
4401,1508,475955.0,2022-05-22
4402,1508,773427.0,2022-05-22
4403,1508,1249382.0,2022-05-22
4404,1508,654438.0,2022-05-22
4405,1508,446208.0,2022-05-22
4406,1508,535450.0,2022-05-22
4407,1508,832921.0,2022-05-22
4408,1508,535450.0,2022-05-22
4409,1508,1636096.0,2022-05-22
4410,1508,1189888.0,2022-05-22
4411,1508,922163.0,2022-05-22
4412,1508,1070899.0,2022-05-22
4413,1508,654438.0,2022-05-22
4414,1508,505702.0,2022-05-22
4415,1508,148736.0,2022-05-22
4416,1508,94600.0,2022-05-22
4417,1508,946080.0,2022-05-22
4418,1508,63072.0,2022-05-22
4419,1508,1195696.0,2022-05-22
4420,1508,504576.0,2022-05-22
4421,1508,381104.0,2022-05-22
4422,1501,450000.0,2022-05-22
4423,1508,150387.0,2022-05-22
4424,901,50000.0,2022-05-22
4425,1503,150000.0,2022-05-22
4426,1503,269370.0,2022-05-22
4427,1502,30000.0,2022-05-22
4428,1508,88880.0,2022-05-22
4429,1507,360000.0,2022-05-22
4430,1507,204000.0,2022-05-22
4431,1507,211500.0,2022-05-22
4432,1501,75000.0,2022-05-22
4433,1508,64722.0,2022-05-22
4434,1501,1061586.0,2022-05-22
4435,1501,357014.0,2022-05-22
4436,1501,50000.0,2022-05-22
4437,1501,50000.0,2022-05-22
4438,1501,65700.0,2022-05-22
4439,1501,65700.0,2022-05-22
4440,1507,60000.0,2022-05-22
4441,1501,300000.0,2022-05-22
4442,1501,165000.0,2022-05-22
4443,1507,454389.0,2022-05-22
4444,1507,454389.0,2022-05-22
4445,1507,454389.0,2022-05-22
4446,1503,100000.0,2022-05-22
4447,1501,250000.0,2022-05-22
4448,1507,30000.0,2022-05-22
4449,1508,9274.0,2022-05-22
4450,1501,30000.0,2022-05-22
4451,1507,192000.0,2022-05-22
4452,1508,844000.0,2022-05-22
4453,1504,20000.0,2022-05-22
4454,1508,663000.0,2022-05-22
4455,1506,310000.0,2022-05-22
4456,1507,48000.0,2022-05-22
4457,1507,120000.0,2022-05-22
4458,1508,97000.0,2022-05-22
4459,1501,250000.0,2022-05-22
4460,1502,100000.0,2022-05-22
4461,1501,48000.0,2022-05-22
4462,1501,150000.0,2022-05-22
4463,901,13909.0,2022-05-22
4464,1508,200000.0,2022-05-22
4465,1508,33000.0,2022-05-22
4466,1508,150000.0,2022-05-22
4467,1502,231000.0,2022-05-22
4468,1620,27419.0,2022-05-22
4469,1620,15100.0,2022-05-22
4470,1607,50000.0,2022-05-22
4471,1620,128200.0,2022-05-22
4472,1620,100000.0,2022-05-22
4473,1620,64122.0,2022-05-22
4474,1601,157750.0,2022-05-22
4475,1614,22035.0,2022-05-22
4476,1614,133000.0,2022-05-22
4477,1614,18250.0,2022-05-22
4478,1611,2875.0,2022-05-22
4479,1616,15315.0,2022-05-22
4480,1611,18144.0,2022-05-22
4481,1616,37548.0,2022-05-22
4482,1606,23524.0,2022-05-22
4483,1620,21100.0,2022-05-22
4484,1611,13571.0,2022-05-22
4485,1620,15100.0,2022-05-22
4486,1620,121250.0,2022-05-22
4487,1616,6284.0,2022-05-22
4488,1620,107000.0,2022-05-22
4489,1616,41568.0,2022-05-22
4490,1611,3468.0,2022-05-22
4491,1620,98000.0,2022-05-22
4492,1616,16230.0,2022-05-22
4493,1620,96062.0,2022-05-22
4494,1620,20000.0,2022-05-22
4495,1611,25136.0,2022-05-22
4496,1620,91450.0,2022-05-22
4497,1616,73706.0,2022-05-22
4498,1611,21560.0,2022-05-22
4499,1616,22000.0,2022-05-22
4500,1606,20075.0,2022-05-22
4501,1616,1700.0,2022-05-22
4502,1620,13824.0,2022-05-22
4503,1616,7344.0,2022-05-22
4504,1620,17100.0,2022-05-22
4505,1616,21205.0,2022-05-22
4506,1601,124500.0,2022-05-22
4507,1616,13312.0,2022-05-22
4508,1611,60966.0,2022-05-22
4509,1606,9048.0,2022-05-22
4510,1611,124495.0,2022-05-22
4511,1616,24740.0,2022-05-22
4512,1616,89800.0,2022-05-22
4513,1611,4194.0,2022-05-22
4514,1620,82779.0,2022-05-22
4515,1616,9426.0,2022-05-22
4516,1611,2793.0,2022-05-22
4517,1616,28561.0,2022-05-22
4518,1614,12576.0,2022-05-22
4519,1614,8400.0,2022-05-22
4520,1616,19683.0,2022-05-22
4521,1616,12568.0,2022-05-22
4522,1620,180367.0,2022-05-22
4523,1620,87824.0,2022-05-22
4524,1607,180000.0,2022-05-22
4525,1608,20000.0,2022-05-22
4526,1616,438000.0,2022-05-22
4527,1611,8270.26,2022-05-22
4528,1616,4713.0,2022-05-22
4529,1611,213538.0,2022-05-22
4530,1616,14901.0,2022-05-22
4531,1601,53414.0,2022-05-22
4532,1620,135717.0,2022-05-22
4533,1611,86708.0,2022-05-22
4534,1620,119500.0,2022-05-22
4535,1611,21900.0,2022-05-22
4536,1602,20000.0,2022-05-22
4537,1623,9000.0,2022-05-22
4538,1620,518400.0,2022-05-22
4539,1614,106219.5,2022-05-22
4540,1616,44705.0,2022-05-22
4541,1614,18000.0,2022-05-22
4542,1602,1260.0,2022-05-22
4543,1608,63400.0,2022-05-22
4544,1623,11985.6,2022-05-22
4545,1620,102000.0,2022-05-22
4546,1609,310380.0,2022-05-22
4547,1614,99525.0,2022-05-22
4548,1620,15079.0,2022-05-22
4549,1602,52300.0,2022-05-22
4550,1623,30000.0,2022-05-22
4551,1622,5000.0,2022-05-22
4552,1608,50000.0,2022-05-22
4553,1607,6000.0,2022-05-22
4554,1607,6000.0,2022-05-22
4555,1612,20148.0,2022-05-22
4556,1609,77520.0,2022-05-22
4557,1623,33000.0,2022-05-22
4558,1612,28062.0,2022-05-22
4559,1614,37800.0,2022-05-22
4560,1623,29041.2,2022-05-22
4561,1623,24000.0,2022-05-22
4562,1607,60665.0,2022-05-22
4563,1608,84000.0,2022-05-22
4564,1608,20000.0,2022-05-22
4565,1609,36000.0,2022-05-22
4566,1622,234000.0,2022-05-22
4567,1609,84000.0,2022-05-22
4568,1703,38920.0,2022-05-22
4569,1704,129299.5,2022-05-22
4570,1704,66315.0,2022-05-22
4571,1704,129299.5,2022-05-22
4572,1704,210000.0,2022-05-22
4573,1701,31536.0,2022-05-22
4574,1703,211680.0,2022-05-22
4575,1701,115000.0,2022-05-22
4576,1703,174000.0,2022-05-22
4577,1703,259200.0,2022-05-22
4578,1703,259200.0,2022-05-22
4579,1701,93896.25,2022-05-22
4580,1701,173375.0,2022-05-22
4581,1703,48000.0,2022-05-22
4582,1703,4800.0,2022-05-22
4583,1701,62307.0,2022-05-22
4584,1702,24000.0,2022-05-22
4585,1701,298300.0,2022-05-22
4586,1704,195441.0,2022-05-22
4587,1704,100293.0,2022-05-22
4588,1704,162862.0,2022-05-22
4589,1704,64650.0,2022-05-22
4590,1704,63072.0,2022-05-22
4591,1702,10920.0,2022-05-22
4592,1702,10920.0,2022-05-22
4593,1703,246375.0,2022-05-22
4594,1701,108697.0,2022-05-22
4595,1703,65700.0,2022-05-22
4596,1704,84000.0,2022-05-22
4597,1702,462528.0,2022-05-22
4598,1702,525402.0,2022-05-22
4599,1702,109.5,2022-05-22
4600,1702,332.4,2022-05-22
4601,1702,1346.1,2022-05-22
4602,1702,138240.0,2022-05-22
4603,1704,248502.0,2022-05-22
4604,1704,1642.5,2022-05-22
4605,1701,8000.0,2022-05-22
4606,1703,98500.0,2022-05-22
4607,1703,9500.0,2022-05-22
4608,1702,7500.0,2022-05-22
4609,1702,1100.0,2022-05-22
4610,1703,19907.0,2022-05-22
4611,1704,1000.0,2022-05-22
4612,1702,2128.0,2022-05-22
4613,1701,390563.1,2022-05-22
4614,1703,3816.0,2022-05-22
4615,1702,252288.0,2022-05-22
4616,1701,106000.0,2022-05-22
4617,1702,235827.0,2022-05-22
4618,1701,40631.42,2022-05-22
4619,1702,41943.0,2022-05-22
4620,1702,235520.0,2022-05-22
4621,1701,402560.0,2022-05-22
4622,1701,417440.0,2022-05-22
4623,1701,84550.41,2022-05-22
4624,1704,1000.0,2022-05-22
4625,1704,1000.0,2022-05-22
4626,1704,500.0,2022-05-22
4627,1704,1119.0,2022-05-22
4628,1701,368205.0,2022-05-22
4629,1704,1000.0,2022-05-22
4630,1704,2000.0,2022-05-22
4631,1701,40000.0,2022-05-22
4632,1702,9000.0,2022-05-22
4633,1702,4500.0,2022-05-22
4634,1702,500.0,2022-05-22
4635,1702,2700.0,2022-05-22
4636,1702,26656.77,2022-05-22
4637,1702,89242.23,2022-05-22
4638,1701,83885.0,2022-05-22
4639,1701,140000.0,2022-05-22
4640,1701,60000.0,2022-05-22
4641,1701,270000.0,2022-05-22
4642,1701,30000.0,2022-05-22
4643,1701,30000.0,2022-05-22
4644,1701,399278.0,2022-05-22
4645,1701,29741.0,2022-05-22
4646,1702,223200.0,2022-05-22
4647,1704,100800.0,2022-05-22
4648,1704,148500.0,2022-05-22
4649,1704,386400.0,2022-05-22
4650,1704,372300.0,2022-05-22
4651,1704,281100.0,2022-05-22
4652,1703,89514.0,2022-05-22
4653,1703,110486.0,2022-05-22
4654,1702,20500.0,2022-05-22
4655,1702,5000.0,2022-05-22
4656,1702,1500.0,2022-05-22
4657,1702,6000.0,2022-05-22
4658,1702,8000.0,2022-05-22
4659,1703,109500.0,2022-05-22
4660,1703,208050.0,2022-05-22
4661,1702,180108.0,2022-05-22
4662,1702,109062.0,2022-05-22
4663,1701,504576.0,2022-05-22
4664,1701,630720.0,2022-05-22
4665,1701,1278210.0,2022-05-22
4666,1701,331128.0,2022-05-22
4667,1701,277926.0,2022-05-22
4668,1802,2700.0,2022-05-22
4669,1802,27000.0,2022-05-22
4670,1802,2592.0,2022-05-22
4671,1802,7200.0,2022-05-22
4672,1806,10368.0,2022-05-22
4673,1806,7884.0,2022-05-22
4674,1806,4147.2,2022-05-22
4675,1805,48350.12,2022-05-22
4676,1806,22200.0,2022-05-22
4677,1806,6480.0,2022-05-22
4678,1806,9855.0,2022-05-22
4679,1806,21540.0,2022-05-22
4680,1806,25920.0,2022-05-22
4681,1802,65535.75,2022-05-22
4682,1806,25200.0,2022-05-22
4683,1803,2362.5,2022-05-22
4684,1803,15237.57,2022-05-22
4685,1808,45000.0,2022-05-22
4686,1803,9128.0,2022-05-22
4687,1806,10512.0,2022-05-22
4688,1803,3650.0,2022-05-22
4689,1806,3942.0,2022-05-22
4690,1808,18588.26,2022-05-22
4691,1806,1500.0,2022-05-22
4692,1801,16041.75,2022-05-22
4693,1807,9033.75,2022-05-22
4694,1807,86724.0,2022-05-22
4695,1805,65408.0,2022-05-22
4696,1810,414720.0,2022-05-22
4697,1805,602.0,2022-05-22
4698,1805,220.0,2022-05-22
4699,1803,250481.25,2022-05-22
4700,1802,12921.0,2022-05-22
4701,1801,51738.75,2022-05-22
4702,1801,15987.0,2022-05-22
4703,1803,12373.0,2022-05-22
4704,1802,19436.0,2022-05-22
4705,1803,1862.0,2022-05-22
4706,1802,438.0,2022-05-22
4707,1802,8596.0,2022-05-22
4708,1802,47633.0,2022-05-22
4709,1803,438.0,2022-05-22
4710,1802,90283.0,2022-05-22
4711,1802,81687.0,2022-05-22
4712,1802,72325.0,2022-05-22
4713,1802,5311.0,2022-05-22
4714,1803,65262.0,2022-05-22
4715,1801,48000.0,2022-05-22
4716,1801,62400.0,2022-05-22
4717,1801,52800.0,2022-05-22
4718,1801,57600.0,2022-05-22
4719,1801,57600.0,2022-05-22
4720,1801,67200.0,2022-05-22
4721,1801,43200.0,2022-05-22
4722,1801,48000.0,2022-05-22
4723,1802,4147.2,2022-05-22
4724,1801,4000.0,2022-05-22
4725,1805,7884.0,2022-05-22
4726,1804,25000.0,2022-05-22
4727,1804,25000.0,2022-05-22
4728,1801,72000.0,2022-05-22
4729,1807,3000.0,2022-05-22
4730,1809,2160.0,2022-05-22
4731,1809,19354.0,2022-05-22
4732,1801,40500.0,2022-05-22
4733,1804,5000.0,2022-05-22
4734,1807,157680.0,2022-05-22
4735,1807,157680.0,2022-05-22
4736,1807,157680.0,2022-05-22
4737,1807,157680.0,2022-05-22
4738,1807,157680.0,2022-05-22
4739,1807,157680.0,2022-05-22
4740,1807,157680.0,2022-05-22
4741,1807,157680.0,2022-05-22
4742,1807,157680.0,2022-05-22
4743,1809,50000.0,2022-05-22
4744,1804,50000.0,2022-05-22
4745,1803,14460.0,2022-05-22
4746,1809,3240.0,2022-05-22
4747,1809,12000.0,2022-05-22
4748,1809,24000.0,2022-05-22
4749,1806,24456.0,2022-05-22
4750,1804,675.0,2022-05-22
4751,1801,20000.0,2022-05-22
4752,1809,5000.0,2022-05-22
4753,1801,15552.0,2022-05-22
4754,1807,20154.0,2022-05-22
4755,1805,44756.5,2022-05-22
4756,1806,145152.0,2022-05-22
4757,1805,9720.0,2022-05-22
4758,1805,23364.0,2022-05-22
4759,1806,10347.75,2022-05-22
4760,1806,8780.0,2022-05-22
4761,1806,23961.51,2022-05-22
4762,1805,1815.64,2022-05-22
4763,1805,24003.0,2022-05-22
4764,1807,63068.35,2022-05-22
4765,1805,5065.0,2022-05-22
4766,1806,30000.0,2022-05-22
4767,1803,32436.0,2022-05-22
4768,1913,1200.0,2022-05-22
4769,1924,20000.0,2022-05-22
4770,1911,7000.0,2022-05-22
4771,1924,100000.0,2022-05-22
4772,1924,30000.0,2022-05-22
4773,1916,60000.0,2022-05-22
4774,1916,240000.0,2022-05-22
4775,1912,54000.0,2022-05-22
4776,1912,240000.0,2022-05-22
4777,1912,120000.0,2022-05-22
4778,1912,150000.0,2022-05-22
4779,1906,210000.0,2022-05-22
4780,1917,200000.0,2022-05-22
4781,1912,60000.0,2022-05-22
4782,1912,12000.0,2022-05-22
4783,1917,200000.0,2022-05-22
4784,1917,100000.0,2022-05-22
4785,1917,100000.0,2022-05-22
4786,1912,150000.0,2022-05-22
4787,1912,154000.0,2022-05-22
4788,1912,31320.0,2022-05-22
4789,1912,60000.0,2022-05-22
4790,1912,238395.0,2022-05-22
4791,1902,12000.0,2022-05-22
4792,1912,15180.0,2022-05-22
4793,1912,42000.0,2022-05-22
4794,1906,3400.0,2022-05-22
4795,1924,14976.0,2022-05-22
4796,1916,600000.0,2022-05-22
4797,1908,330000.0,2022-05-22
4798,1916,550000.0,2022-05-22
4799,1916,590000.0,2022-05-22
4800,1916,600000.0,2022-05-22
4801,1916,600000.0,2022-05-22
4802,1916,580000.0,2022-05-22
4803,1916,600000.0,2022-05-22
4804,1916,580000.0,2022-05-22
4805,1916,600000.0,2022-05-22
4806,1912,27561.0,2022-05-22
4807,1924,2000.0,2022-05-22
4808,1912,980000.0,2022-05-22
4809,1912,90000.0,2022-05-22
4810,1924,9600.0,2022-05-22
4811,1924,6000.0,2022-05-22
4812,1912,500000.0,2022-05-22
4813,1905,225000.0,2022-05-22
4814,1905,225000.0,2022-05-22
4815,1916,64000.0,2022-05-22
4816,1916,51000.0,2022-05-22
4817,1916,72000.0,2022-05-22
4818,1916,70000.0,2022-05-22
4819,1916,55000.0,2022-05-22
4820,1916,43000.0,2022-05-22
4821,1912,42000.0,2022-05-22
4822,1912,12000.0,2022-05-22
4823,1912,24000.0,2022-05-22
4824,1912,30000.0,2022-05-22
4825,1924,26737.5,2022-05-22
4826,1912,400000.0,2022-05-22
4827,1912,456000.0,2022-05-22
4828,1912,288912.5,2022-05-22
4829,1912,105000.0,2022-05-22
4830,1912,220000.0,2022-05-22
4831,1912,180000.0,2022-05-22
4832,1912,150000.0,2022-05-22
4833,1912,270000.0,2022-05-22
4834,1912,60000.0,2022-05-22
4835,1912,90000.0,2022-05-22
4836,1912,270881.0,2022-05-22
4837,1912,149119.0,2022-05-22
4838,1914,48000.0,2022-05-22
4839,1914,5256.0,2022-05-22
4840,1924,77760.0,2022-05-22
4841,1909,5000.0,2022-05-22
4842,1909,20000.0,2022-05-22
4843,1916,300000.0,2022-05-22
4844,1916,300000.0,2022-05-22
4845,1906,3340.8,2022-05-22
4846,1915,240000.0,2022-05-22
4847,1915,240000.0,2022-05-22
4848,1912,120000.0,2022-05-22
4849,1916,600000.0,2022-05-22
4850,1912,50000.0,2022-05-22
4851,1912,10512.0,2022-05-22
4852,1912,10512.0,2022-05-22
4853,1912,52560.0,2022-05-22
4854,1912,10512.0,2022-05-22
4855,1912,10512.0,2022-05-22
4856,1912,52560.0,2022-05-22
4857,1912,65475.0,2022-05-22
4858,1912,25460.0,2022-05-22
4859,1912,300000.0,2022-05-22
4860,1912,48000.0,2022-05-22
4861,1912,180000.0,2022-05-22
4862,1912,248832.0,2022-05-22
4863,1924,30387.5,2022-05-22
4864,1924,54000.0,2022-05-22
4865,1924,150000.0,2022-05-22
4866,1905,15000.0,2022-05-22
4867,1912,48840.0,2022-05-22
4868,2011,4000.0,2022-05-22
4869,2025,1167.0,2022-05-22
4870,2025,2800.0,2022-05-22
4871,2007,300.0,2022-05-22
4872,2007,300.0,2022-05-22
4873,2007,200.0,2022-05-22
4874,2007,1000.0,2022-05-22
4875,2025,6000.0,2022-05-22
4876,2025,1000.0,2022-05-22
4877,1235,424656.0,2022-05-22
4878,2025,2026.0,2022-05-22
4879,2025,120000.0,2022-05-22
4880,2025,1080.72,2022-05-22
4881,2025,648.0,2022-05-22
4882,2024,6752.5,2022-05-22
4883,2025,2808.0,2022-05-22
4884,2025,2225.0,2022-05-22
4885,2025,57000.0,2022-05-22
4886,2025,6000.0,2022-05-22
4887,2025,2000.0,2022-05-22
4888,2025,800.0,2022-05-22
4889,2020,20303.12,2022-05-22
4890,2020,5885.65,2022-05-22
4891,2025,1600.0,2022-05-22
4892,2025,3000.0,2022-05-22
4893,2025,4401.9,2022-05-22
4894,2009,6000.0,2022-05-22
4895,2025,1500.0,2022-05-22
4896,2025,1500.0,2022-05-22
4897,2007,24000.0,2022-05-22
4898,2025,2000.0,2022-05-22
4899,2025,561.0,2022-05-22
4900,2025,6570.0,2022-05-22
4901,2004,45360.0,2022-05-22
4902,2025,22000.0,2022-05-22
4903,2025,20000.0,2022-05-22
4904,2025,6000.0,2022-05-22
4905,2025,5142.92,2022-05-22
4906,2025,1500.0,2022-05-22
4907,2025,1000.0,2022-05-22
4908,2025,500.0,2022-05-22
4909,2025,4000.0,2022-05-22
4910,2025,2000.0,2022-05-22
4911,2025,604.0,2022-05-22
4912,2025,1032.0,2022-05-22
4913,2025,1586.0,2022-05-22
4914,2025,400.0,2022-05-22
4915,2025,1000.0,2022-05-22
4916,2025,900.0,2022-05-22
4917,2025,300.0,2022-05-22
4918,2025,300.0,2022-05-22
4919,2025,425.0,2022-05-22
4920,2025,19610.1,2022-05-22
4921,2008,425300.4,2022-05-22
4922,2025,1500.0,2022-05-22
4923,2008,72900.0,2022-05-22
4924,2008,72900.0,2022-05-22
4925,2008,51840.0,2022-05-22
4926,2008,48600.0,2022-05-22
4927,2008,64800.0,2022-05-22
4928,2025,236520.0,2022-05-22
4929,2025,236520.0,2022-05-22
4930,2025,189216.0,2022-05-22
4931,2025,165564.0,2022-05-22
4932,2008,50544.0,2022-05-22
4933,2025,2000.0,2022-05-22
4934,2025,1582.5,2022-05-22
4935,2025,1582.5,2022-05-22
4936,2025,1080.0,2022-05-22
4937,2007,3000.0,2022-05-22
4938,2025,2000.0,2022-05-22
4939,2025,2000.0,2022-05-22
4940,2025,1128.0,2022-05-22
4941,2025,1000.0,2022-05-22
4942,2025,1208.0,2022-05-22
4943,2025,19600.0,2022-05-22
4944,2025,300.0,2022-05-22
4945,2025,883.2,2022-05-22
4946,2025,1587.6,2022-05-22
4947,2025,5727.1,2022-05-22
4948,2025,862.5,2022-05-22
4949,2007,2407.0,2022-05-22
4950,2025,2192.4,2022-05-22
4951,2025,1068.0,2022-05-22
4952,2025,1958.0,2022-05-22
4953,2025,2000.0,2022-05-22
4954,2008,10368.0,2022-05-22
4955,2025,3499.2,2022-05-22
4956,2025,2000.0,2022-05-22
4957,2025,1290.0,2022-05-22
4958,2008,18610.2,2022-05-22
4959,2025,6000.0,2022-05-22
4960,2025,3778.56,2022-05-22
4961,2025,91.25,2022-05-22
4962,2025,2000.0,2022-05-22
4963,2025,2000.0,2022-05-22
4964,2025,500.0,2022-05-22
4965,2009,2100.0,2022-05-22
4966,2025,1836.8,2022-05-22
4967,2018,10368.0,2022-05-22
4968,2104,18000.0,2022-05-22
4969,2101,209953.0,2022-05-22
4970,2106,8100.0,2022-05-22
4971,2101,15000.0,2022-05-22
4972,2102,241920.0,2022-05-22
4973,2104,125193.6,2022-05-22
4974,2106,16329.6,2022-05-22
4975,2101,155520.0,2022-05-22
4976,2101,24000.0,2022-05-22
4977,2106,10800.0,2022-05-22
4978,2101,120000.0,2022-05-22
4979,2101,100000.0,2022-05-22
4980,2104,4239.0,2022-05-22
4981,2102,42336.0,2022-05-22
4982,2106,4419.9,2022-05-22
4983,2102,12000.0,2022-05-22
4984,2102,14447.0,2022-05-22
4985,2101,100000.0,2022-05-22
4986,2102,12000.0,2022-05-22
4987,2104,1506.0,2022-05-22
4988,2102,9000.0,2022-05-22
4989,2102,9000.0,2022-05-22
4990,2106,24000.0,2022-05-22
4991,2101,910.0,2022-05-22
4992,2105,7226.0,2022-05-22
4993,2105,7844.0,2022-05-22
4994,2101,200000.0,2022-05-22
4995,2101,100000.0,2022-05-22
4996,2101,10000.0,2022-05-22
4997,2104,42138.0,2022-05-22
4998,2101,10000.0,2022-05-22
4999,2101,100000.0,2022-05-22
5000,2101,30000.0,2022-05-22
5001,2101,60000.0,2022-05-22
5002,2102,168000.0,2022-05-22
5003,2102,12089.0,2022-05-22
5004,2103,54000.0,2022-05-22
5005,2102,50000.0,2022-05-22
5006,2102,300000.0,2022-05-22
5007,2101,336000.0,2022-05-22
5008,2101,84000.0,2022-05-22
5009,2106,14360.0,2022-05-22
5010,2104,15000.0,2022-05-22
5011,2103,31927.5,2022-05-22
5012,2106,3375.9,2022-05-22
5013,2106,3000.0,2022-05-22
5014,2103,43200.0,2022-05-22
5015,2103,240000.0,2022-05-22
5016,2101,67520.0,2022-05-22
5017,2101,38697.0,2022-05-22
5018,2105,15120.0,2022-05-22
5019,2106,12000.0,2022-05-22
5020,2106,24000.0,2022-05-22
5021,2102,354000.0,2022-05-22
5022,2102,12263.0,2022-05-22
5023,2106,54000.0,2022-05-22
5024,2106,24000.0,2022-05-22
5025,2102,141000.0,2022-05-22
5026,2102,40000.0,2022-05-22
5027,2102,60000.0,2022-05-22
5028,2102,30000.0,2022-05-22
5029,2102,90000.0,2022-05-22
5030,2102,20000.0,2022-05-22
5031,2102,240000.0,2022-05-22
5032,2102,20000.0,2022-05-22
5033,2103,240000.0,2022-05-22
5034,2102,18000.0,2022-05-22
5035,2101,97500.0,2022-05-22
5036,2101,97500.0,2022-05-22
5037,2102,100000.0,2022-05-22
5038,2102,91326.0,2022-05-22
5039,2102,164014.4,2022-05-22
5040,2102,12937.0,2022-05-22
5041,2105,69984.0,2022-05-22
5042,2105,46656.0,2022-05-22
5043,2104,180000.0,2022-05-22
5044,2106,3000.0,2022-05-22
5045,2106,18000.0,2022-05-22
5046,2105,300000.0,2022-05-22
5047,2106,3188.0,2022-05-22
5048,2106,3719.0,2022-05-22
5049,2106,24000.0,2022-05-22
5050,2102,180000.0,2022-05-22
5051,2101,330000.0,2022-05-22
5052,2102,40000.0,2022-05-22
5053,2101,360000.0,2022-05-22
5054,2102,30000.0,2022-05-22
5055,2106,18147.0,2022-05-22
5056,2106,9072.0,2022-05-22
5057,2102,240000.0,2022-05-22
5058,2103,25500.0,2022-05-22
5059,2101,545.0,2022-05-22
5060,2104,31822.0,2022-05-22
5061,2106,5607.0,2022-05-22
5062,2102,301642.0,2022-05-22
5063,2102,100000.0,2022-05-22
5064,2102,27000.0,2022-05-22
5065,2104,589306.0,2022-05-22
5066,2104,17280.0,2022-05-22
5067,2104,0.0,2022-05-22
5068,2203,210000.0,2022-05-22
5069,2201,239990.0,2022-05-22
5070,2205,80000.0,2022-05-22
5071,2205,50000.0,2022-05-22
5072,2203,300000.0,2022-05-22
5073,2205,105500.0,2022-05-22
5074,2205,530000.0,2022-05-22
5075,2204,49168.0,2022-05-22
5076,2204,98000.0,2022-05-22
5077,2208,53460.0,2022-05-22
5078,2205,35294.11,2022-05-22
5079,2205,84705.89,2022-05-22
5080,2205,105000.0,2022-05-22
5081,2205,360000.0,2022-05-22
5082,2205,120000.0,2022-05-22
5083,2205,210767.0,2022-05-22
5084,2203,948000.0,2022-05-22
5085,2205,40000.0,2022-05-22
5086,2208,480000.0,2022-05-22
5087,2211,329018.0,2022-05-22
5088,2205,20000.0,2022-05-22
5089,2205,5000.0,2022-05-22
5090,2203,150000.0,2022-05-22
5091,2211,263543.0,2022-05-22
5092,2205,10000.0,2022-05-22
5093,2205,40000.0,2022-05-22
5094,2205,250000.0,2022-05-22
5095,2208,50000.0,2022-05-22
5096,2208,100000.0,2022-05-22
5097,2203,100000.0,2022-05-22
5098,2203,100000.0,2022-05-22
5099,2205,240000.0,2022-05-22
5100,2201,200000.0,2022-05-22
5101,2203,10000.0,2022-05-22
5102,2207,53175.0,2022-05-22
5103,2204,100000.0,2022-05-22
5104,2209,90000.0,2022-05-22
5105,2205,21500.0,2022-05-22
5106,2201,420000.0,2022-05-22
5107,2204,162000.0,2022-05-22
5108,2201,165888.0,2022-05-22
5109,2204,298200.0,2022-05-22
5110,2205,102000.0,2022-05-22
5111,2203,600000.0,2022-05-22
5112,2201,181440.0,2022-05-22
5113,2205,189000.0,2022-05-22
5114,2205,69980.0,2022-05-22
5115,2203,40000.0,2022-05-22
5116,2205,100000.0,2022-05-22
5117,2205,100000.0,2022-05-22
5118,2201,100000.0,2022-05-22
5119,2205,216000.0,2022-05-22
5120,2205,30000.0,2022-05-22
5121,2205,40000.0,2022-05-22
5122,2205,10000.0,2022-05-22
5123,2205,30000.0,2022-05-22
5124,2205,20000.0,2022-05-22
5125,2205,34000.0,2022-05-22
5126,2205,30000.0,2022-05-22
5127,2205,120000.0,2022-05-22
5128,2205,30000.0,2022-05-22
5129,2201,217820.0,2022-05-22
5130,2205,20000.0,2022-05-22
5131,2205,20000.0,2022-05-22
5132,2205,10000.0,2022-05-22
5133,2205,30000.0,2022-05-22
5134,2208,1100.0,2022-05-22
5135,2203,480000.0,2022-05-22
5136,2203,30000.0,2022-05-22
5137,2205,24000.0,2022-05-22
5138,2201,100000.0,2022-05-22
5139,2205,891000.0,2022-05-22
5140,2202,270000.0,2022-05-22
5141,2205,128140.0,2022-05-22
5142,2205,100000.0,2022-05-22
5143,2205,40000.0,2022-05-22
5144,2205,445700.0,2022-05-22
5145,2204,73184.0,2022-05-22
5146,2204,35000.0,2022-05-22
5147,2204,100000.0,2022-05-22
5148,2203,160000.0,2022-05-22
5149,2205,550000.0,2022-05-22
5150,2205,352200.0,2022-05-22
5151,2205,96448.0,2022-05-22
5152,2203,139952.0,2022-05-22
5153,2203,106043.0,2022-05-22
5154,2203,25000.0,2022-05-22
5155,2203,170000.0,2022-05-22
5156,2203,280000.0,2022-05-22
5157,2205,382000.0,2022-05-22
5158,2208,276500.0,2022-05-22
5159,2203,150000.0,2022-05-22
5160,2205,200000.0,2022-05-22
5161,2205,100000.0,2022-05-22
5162,2203,150000.0,2022-05-22
5163,2203,230000.0,2022-05-22
5164,2201,331776.0,2022-05-22
5165,2202,100000.0,2022-05-22
5166,2202,40000.0,2022-05-22
5167,2202,100000.0,2022-05-22
5168,3105,382500.0,2022-05-22
5169,3105,382500.0,2022-05-22
5170,3105,348060.87,2022-05-22
5171,2301,96000.0,2022-05-22
5172,3105,15000.0,2022-05-22
5173,2301,96000.0,2022-05-22
5174,3105,505440.0,2022-05-22
5175,3105,5256.0,2022-05-22
5176,3105,5256.0,2022-05-22
5177,3105,5256.0,2022-05-22
5178,3105,5256.0,2022-05-22
5179,3105,100.0,2022-05-22
5180,3105,547.5,2022-05-22
5181,3105,50.0,2022-05-22
5182,3105,50.0,2022-05-22
5183,3105,162.0,2022-05-22
5184,3105,150.0,2022-05-22
5185,3105,2500.0,2022-05-22
5186,3105,2020.0,2022-05-22
5187,3105,0.0,2022-05-22
5188,3105,657.0,2022-05-22
5189,3105,1825.0,2022-05-22
5190,3105,1312.0,2022-05-22
5191,3105,477499.1,2022-05-22
5192,3105,477499.1,2022-05-22
5193,3105,477499.1,2022-05-22
5194,3105,1339.8,2022-05-22
5195,3105,15400.0,2022-05-22
5196,2301,340623.0,2022-05-22
5197,2301,125000.0,2022-05-22
5198,2301,350000.0,2022-05-22
5199,3105,2755.81,2022-05-22
5200,3105,6412.77,2022-05-22
5201,3105,1100.0,2022-05-22
5202,3105,4773.75,2022-05-22
5203,2301,350000.0,2022-05-22
5204,3105,126000.0,2022-05-22
5205,3105,19710.0,2022-05-22
5206,3105,105000.0,2022-05-22
5207,3105,7884.0,2022-05-22
5208,3105,2628.0,2022-05-22
5209,3105,45088.35,2022-05-22
5210,3105,45088.35,2022-05-22
5211,3105,1000.0,2022-05-22
5212,3105,1825.2,2022-05-22
5213,3105,567648.0,2022-05-22
5214,3105,567648.0,2022-05-22
5215,3105,567648.0,2022-05-22
5216,3105,275.0,2022-05-22
5217,3105,352800.0,2022-05-22
5218,3105,200603.52,2022-05-22
5219,3105,182.5,2022-05-22
5220,3105,202.1,2022-05-22
5221,2301,1825.0,2022-05-22
5222,2301,126000.0,2022-05-22
5223,3105,612000.0,2022-05-22
5224,3105,695500.0,2022-05-22
5225,3105,540000.0,2022-05-22
5226,3105,4000.0,2022-05-22
5227,3105,6000.0,2022-05-22
5228,3105,5256.0,2022-05-22
5229,3105,342400.0,2022-05-22
5230,3105,38893.5,2022-05-22
5231,3105,110000.0,2022-05-22
5232,3105,212500.0,2022-05-22
5233,3105,6000.0,2022-05-22
5234,3105,6000.0,2022-05-22
5235,3105,120000.0,2022-05-22
5236,3105,170000.0,2022-05-22
5237,3105,5256.0,2022-05-22
5238,3105,52500.0,2022-05-22
5239,3105,5256.0,2022-05-22
5240,3105,547.5,2022-05-22
5241,3105,257190.0,2022-05-22
5242,3105,1386.0,2022-05-22
5243,3105,9240.0,2022-05-22
5244,3105,9240.0,2022-05-22
5245,2301,162500.0,2022-05-22
5246,2301,162500.0,2022-05-22
5247,2301,227.2,2022-05-22
5248,2301,40000.0,2022-05-22
5249,2301,350000.0,2022-05-22
5250,3105,180000.0,2022-05-22
5251,2301,260540.0,2022-05-22
5252,2301,25000.0,2022-05-22
5253,3105,24592.5,2022-05-22
5254,2301,100036.5,2022-05-22
5255,2301,365.0,2022-05-22
5256,2301,19500.0,2022-05-22
5257,3105,2592.0,2022-05-22
5258,3105,350000.0,2022-05-22
5259,3105,162500.0,2022-05-22
5260,3105,5256.0,2022-05-22
5261,3105,232678.07,2022-05-22
5262,3105,1825.0,2022-05-22
5263,3105,1500.0,2022-05-22
5264,3105,1825.0,2022-05-22
5265,2301,38750.0,2022-05-22
5266,2301,175000.0,2022-05-22
5267,3105,1825.0,2022-05-22
5268,2415,18273.75,2022-05-22
5269,2415,17529.0,2022-05-22
5270,2403,6000.0,2022-05-22
5271,2411,1419120.0,2022-05-22
5272,2411,180000.0,2022-05-22
5273,2415,3314.0,2022-05-22
5274,2402,118800.0,2022-05-22
5275,2407,42000.0,2022-05-22
5276,2416,2595.0,2022-05-22
5277,2419,54750.0,2022-05-22
5278,2419,120960.0,2022-05-22
5279,2415,28500.0,2022-05-22
5280,2419,155000.0,2022-05-22
5281,2403,24000.0,2022-05-22
5282,2401,360000.0,2022-05-22
5283,2411,24500.0,2022-05-22
5284,2411,24000.0,2022-05-22
5285,2411,8000.0,2022-05-22
5286,2405,8400.0,2022-05-22
5287,2405,12000.0,2022-05-22
5288,2405,15000.0,2022-05-22
5289,2415,36000.0,2022-05-22
5290,2405,13000.0,2022-05-22
5291,2411,6000.0,2022-05-22
5292,2415,61095.58,2022-05-22
5293,2415,126571.0,2022-05-22
5294,2415,95388.0,2022-05-22
5295,2410,504576.0,2022-05-22
5296,2402,25200.0,2022-05-22
5297,2405,18000.0,2022-05-22
5298,2403,12000.0,2022-05-22
5299,2417,456936.0,2022-05-22
5300,2402,166320.0,2022-05-22
5301,2415,73500.0,2022-05-22
5302,2411,240000.0,2022-05-22
5303,2405,66900.0,2022-05-22
5304,2415,120000.0,2022-05-22
5305,2418,136974.0,2022-05-22
5306,2402,36000.0,2022-05-22
5307,2402,120000.0,2022-05-22
5308,2402,48000.0,2022-05-22
5309,2402,40000.0,2022-05-22
5310,2402,40000.0,2022-05-22
5311,2404,11070.0,2022-05-22
5312,2401,180000.0,2022-05-22
5313,2401,180000.0,2022-05-22
5314,2408,90000.0,2022-05-22
5315,2405,3294.9,2022-05-22
5316,2401,240000.0,2022-05-22
5317,2411,60300.0,2022-05-22
5318,2410,216000.0,2022-05-22
5319,2408,120000.0,2022-05-22
5320,2415,54000.0,2022-05-22
5321,2419,12000.0,2022-05-22
5322,2408,240000.0,2022-05-22
5323,2405,9000.0,2022-05-22
5324,2415,111000.0,2022-05-22
5325,2412,27000.0,2022-05-22
5326,2411,32495.0,2022-05-22
5327,2408,264000.0,2022-05-22
5328,2415,132000.0,2022-05-22
5329,2403,36000.0,2022-05-22
5330,2403,48000.0,2022-05-22
5331,2403,72000.0,2022-05-22
5332,2411,92500.0,2022-05-22
5333,2411,72500.0,2022-05-22
5334,2415,103441.0,2022-05-22
5335,2408,168000.0,2022-05-22
5336,2408,100000.0,2022-05-22
5337,2415,41000.0,2022-05-22
5338,2402,160000.0,2022-05-22
5339,2402,160000.0,2022-05-22
5340,2402,160000.0,2022-05-22
5341,2411,3858.0,2022-05-22
5342,2402,160000.0,2022-05-22
5343,2402,59120.0,2022-05-22
5344,2408,90628.0,2022-05-22
5345,2413,100000.0,2022-05-22
5346,2408,120000.0,2022-05-22
5347,2408,169021.3,2022-05-22
5348,2405,9000.0,2022-05-22
5349,2407,52800.0,2022-05-22
5350,2407,90000.0,2022-05-22
5351,2401,90000.0,2022-05-22
5352,2401,90000.0,2022-05-22
5353,2415,66240.0,2022-05-22
5354,2411,3000.0,2022-05-22
5355,2405,12000.0,2022-05-22
5356,2403,30000.0,2022-05-22
5357,2411,4100.0,2022-05-22
5358,2411,4300.0,2022-05-22
5359,2413,100000.0,2022-05-22
5360,2415,621896.0,2022-05-22
5361,2415,6000.0,2022-05-22
5362,2407,8950.0,2022-05-22
5363,2411,2400.0,2022-05-22
5364,2411,6000.0,2022-05-22
5365,2402,180000.0,2022-05-22
5366,2402,90000.0,2022-05-22
5367,2405,6000.0,2022-05-22
5368,2501,59986.51,2022-05-22
5369,2502,69944.0,2022-05-22
5370,2502,132786.92,2022-05-22
5371,2514,30000.0,2022-05-22
5372,2504,10010.0,2022-05-22
5373,2503,88483.0,2022-05-22
5374,2501,3912.0,2022-05-22
5375,2501,217300.0,2022-05-22
5376,2504,30000.0,2022-05-22
5377,2503,10518.0,2022-05-22
5378,2503,9000.0,2022-05-22
5379,2505,48000.0,2022-05-22
5380,2503,36000.0,2022-05-22
5381,2503,59616.0,2022-05-22
5382,2503,200000.0,2022-05-22
5383,2503,200000.0,2022-05-22
5384,2509,20448.0,2022-05-22
5385,2509,255052.8,2022-05-22
5386,2501,247104.0,2022-05-22
5387,2501,81335.0,2022-05-22
5388,2501,9814.0,2022-05-22
5389,2501,113651.0,2022-05-22
5390,2501,120000.0,2022-05-22
5391,2502,300000.0,2022-05-22
5392,2501,300000.0,2022-05-22
5393,2501,159735.0,2022-05-22
5394,2501,174229.0,2022-05-22
5395,2501,12730.0,2022-05-22
5396,2501,300000.0,2022-05-22
5397,2503,35000.0,2022-05-22
5398,2501,101636.0,2022-05-22
5399,2501,222479.0,2022-05-22
5400,2501,109500.0,2022-05-22
5401,2501,110376.0,2022-05-22
5402,2504,116616.0,2022-05-22
5403,2501,76843.0,2022-05-22
5404,2501,236520.0,2022-05-22
5405,2501,236520.0,2022-05-22
5406,2501,176215.0,2022-05-22
5407,2501,105717.0,2022-05-22
5408,2501,29752.88,2022-05-22
5409,2501,195809.42,2022-05-22
5410,2504,1800.0,2022-05-22
5411,2502,300000.0,2022-05-22
5412,2504,270000.0,2022-05-22
5413,2502,276287.0,2022-05-22
5414,2502,266760.0,2022-05-22
5415,2502,69444.0,2022-05-22
5416,2502,300000.0,2022-05-22
5417,2501,3546.0,2022-05-22
5418,2502,106704.0,2022-05-22
5419,2509,78200.0,2022-05-22
5420,2502,360000.0,2022-05-22
5421,2502,300000.0,2022-05-22
5422,2509,8784.0,2022-05-22
5423,2501,211500.0,2022-05-22
5424,2509,143096.4,2022-05-22
5425,2503,60000.0,2022-05-22
5426,2503,80000.0,2022-05-22
5427,2503,67000.0,2022-05-22
5428,2502,300000.0,2022-05-22
5429,2503,30000.0,2022-05-22
5430,2505,259891.0,2022-05-22
5431,2504,240000.0,2022-05-22
5432,2504,240000.0,2022-05-22
5433,2501,30000.0,2022-05-22
5434,2509,243388.8,2022-05-22
5435,2501,20450.0,2022-05-22
5436,2509,32256.0,2022-05-22
5437,2505,946080.0,2022-05-22
5438,2505,946080.0,2022-05-22
5439,2504,24000.0,2022-05-22
5440,2501,55761.0,2022-05-22
5441,2503,12585.0,2022-05-22
5442,2503,45712.8,2022-05-22
5443,2503,15000.0,2022-05-22
5444,2503,153000.0,2022-05-22
5445,2509,39509.4,2022-05-22
5446,2509,14865.0,2022-05-22
5447,2501,23353.0,2022-05-22
5448,2501,20405.0,2022-05-22
5449,2504,50000.0,2022-05-22
5450,2504,50750.0,2022-05-22
5451,2503,40500.0,2022-05-22
5452,2502,246867.0,2022-05-22
5453,2502,247104.0,2022-05-22
5454,2502,30000.0,2022-05-22
5455,2502,330000.0,2022-05-22
5456,2504,180000.0,2022-05-22
5457,2504,100000.0,2022-05-22
5458,2501,153450.0,2022-05-22
5459,2509,61936.32,2022-05-22
5460,2502,275184.0,2022-05-22
5461,2502,109800.0,2022-05-22
5462,2502,19693.0,2022-05-22
5463,2502,261043.2,2022-05-22
5464,2502,238634.45,2022-05-22
5465,2502,246828.72,2022-05-22
5466,2502,319071.27,2022-05-22
5467,2502,170120.37,2022-05-22
5468,2615,12000.0,2022-05-22
5469,2612,260.0,2022-05-22
5470,2620,300000.0,2022-05-22
5471,2620,300000.0,2022-05-22
5472,2626,2519.0,2022-05-22
5473,2624,3650.0,2022-05-22
5474,2625,36000.0,2022-05-22
5475,2624,3650.0,2022-05-22
5476,2632,150000.0,2022-05-22
5477,2625,2737.0,2022-05-22
5478,2625,2737.0,2022-05-22
5479,2611,200000.0,2022-05-22
5480,2608,2190.0,2022-05-22
5481,2612,36000.0,2022-05-22
5482,2612,913.0,2022-05-22
5483,2636,114000.0,2022-05-22
5484,2640,18330.0,2022-05-22
5485,2612,72000.0,2022-05-22
5486,2642,3650.0,2022-05-22
5487,2642,32850.0,2022-05-22
5488,2608,145000.0,2022-05-22
5489,2608,7300.0,2022-05-22
5490,2612,12000.0,2022-05-22
5491,2608,522.0,2022-05-22
5492,2642,80000.0,2022-05-22
5493,2601,912100.0,2022-05-22
5494,2617,2920.0,2022-05-22
5495,2621,84000.0,2022-05-22
5496,2620,372538.12,2022-05-22
5497,2642,216000.0,2022-05-22
5498,2625,1000.0,2022-05-22
5499,2625,71000.0,2022-05-22
5500,2620,3750.0,2022-05-22
5501,2640,127700.0,2022-05-22
5502,2626,180000.0,2022-05-22
5503,2625,15000.0,2022-05-22
5504,2624,30000.0,2022-05-22
5505,2624,30000.0,2022-05-22
5506,2626,36774.0,2022-05-22
5507,2626,1200000.0,2022-05-22
5508,2620,3750.0,2022-05-22
5509,2608,60000.0,2022-05-22
5510,2636,250000.0,2022-05-22
5511,2612,497482.0,2022-05-22
5512,2612,213206.0,2022-05-22
5513,2661,14948.0,2022-05-22
5514,2641,1460.0,2022-05-22
5515,2624,12000.0,2022-05-22
5516,2636,40000.0,2022-05-22
5517,2633,10500.0,2022-05-22
5518,2606,1750.0,2022-05-22
5519,2640,3000.0,2022-05-22
5520,2601,57270.0,2022-05-22
5521,2623,365.0,2022-05-22
5522,2629,61430.0,2022-05-22
5523,2629,22338.0,2022-05-22
5524,2629,83768.0,2022-05-22
5525,2629,16754.0,2022-05-22
5526,2629,83768.0,2022-05-22
5527,2629,44676.0,2022-05-22
5528,2629,111690.0,2022-05-22
5529,2629,105327.0,2022-05-22
5530,2629,62208.0,2022-05-22
5531,2624,566.0,2022-05-22
5532,2636,100000.0,2022-05-22
5533,2624,3000.0,2022-05-22
5534,2640,30000.0,2022-05-22
5535,2640,800000.0,2022-05-22
5536,2640,550000.0,2022-05-22
5537,2608,30219.0,2022-05-22
5538,2646,1300.0,2022-05-22
5539,2640,54600.0,2022-05-22
5540,2625,3000.0,2022-05-22
5541,2642,27000.0,2022-05-22
5542,2608,60000.0,2022-05-22
5543,2624,16500.0,2022-05-22
5544,2624,1500.0,2022-05-22
5545,2624,1500.0,2022-05-22
5546,2624,1500.0,2022-05-22
5547,2624,1500.0,2022-05-22
5548,2624,1500.0,2022-05-22
5549,2625,2000.0,2022-05-22
5550,2610,114000.0,2022-05-22
5551,2635,200000.0,2022-05-22
5552,2635,200000.0,2022-05-22
5553,2621,911.0,2022-05-22
5554,2621,86400.0,2022-05-22
5555,2619,777500.0,2022-05-22
5556,2640,1200000.0,2022-05-22
5557,2621,1000.0,2022-05-22
5558,2625,365.0,2022-05-22
5559,2625,200.0,2022-05-22
5560,2624,19200.0,2022-05-22
5561,2615,24000.0,2022-05-22
5562,2641,144000.0,2022-05-22
5563,2661,48000.0,2022-05-22
5564,2625,2365.0,2022-05-22
5565,2625,212803.0,2022-05-22
5566,2625,2737.0,2022-05-22
5567,2625,1715.0,2022-05-22
5568,2703,36500.0,2022-05-22
5569,2702,881313.0,2022-05-22
5570,2705,443670.0,2022-05-22
5571,2705,1268056.32,2022-05-22
5572,2705,1268056.32,2022-05-22
5573,2705,1261324.36,2022-05-22
5574,2705,86680.0,2022-05-22
5575,2703,37210.0,2022-05-22
5576,2701,84200.0,2022-05-22
5577,2703,14976.0,2022-05-22
5578,2703,1440.0,2022-05-22
5579,2703,100800.0,2022-05-22
5580,2703,43145.0,2022-05-22
5581,2703,45786.0,2022-05-22
5582,2704,920.0,2022-05-22
5583,2703,3241.0,2022-05-22
5584,2703,13560.0,2022-05-22
5585,2704,75991.0,2022-05-22
5586,2704,67530.0,2022-05-22
5587,2704,1577.0,2022-05-22
5588,2703,2336.0,2022-05-22
5589,2706,9056.68,2022-05-22
5590,2706,37686.32,2022-05-22
5591,2702,18838.0,2022-05-22
5592,2707,486.0,2022-05-22
5593,2702,950400.0,2022-05-22
5594,2701,1542.0,2022-05-22
5595,2708,24455.0,2022-05-22
5596,2708,31527.0,2022-05-22
5597,2708,1214.0,2022-05-22
5598,2702,1008.0,2022-05-22
5599,2705,1555.0,2022-05-22
5600,2702,37325.0,2022-05-22
5601,2705,6260.0,2022-05-22
5602,2705,1083600.0,2022-05-22
5603,2707,907200.0,2022-05-22
5604,2702,280714.0,2022-05-22
5605,2701,942840.0,2022-05-22
5606,2705,664035.0,2022-05-22
5607,2701,497340.0,2022-05-22
5608,2702,129276.0,2022-05-22
5609,2705,448875.0,2022-05-22
5610,2705,410851.0,2022-05-22
5611,2705,630879.0,2022-05-22
5612,2701,84096.0,2022-05-22
5613,2702,69956.0,2022-05-22
5614,2701,37664.0,2022-05-22
5615,2702,40230.0,2022-05-22
5616,2703,100000.0,2022-05-22
5617,2701,91044.0,2022-05-22
5618,2701,261662.0,2022-05-22
5619,2701,44687.0,2022-05-22
5620,2707,423470.0,2022-05-22
5621,2701,338250.0,2022-05-22
5622,2701,338250.0,2022-05-22
5623,2705,425786.0,2022-05-22
5624,2707,118.0,2022-05-22
5625,2702,465178.0,2022-05-22
5626,2702,232589.0,2022-05-22
5627,2702,11230.0,2022-05-22
5628,2703,219000.0,2022-05-22
5629,2708,85896.0,2022-05-22
5630,2708,54860.0,2022-05-22
5631,2708,80136.0,2022-05-22
5632,2707,675000.0,2022-05-22
5633,2702,610416.0,2022-05-22
5634,2705,19710.0,2022-05-22
5635,2705,538650.0,2022-05-22
5636,2704,60934.0,2022-05-22
5637,2703,3660.0,2022-05-22
5638,2702,42048.0,2022-05-22
5639,2707,2050694.53,2022-05-22
5640,2702,50652.0,2022-05-22
5641,2702,5628.0,2022-05-22
5642,2705,30330.0,2022-05-22
5643,2703,14555.0,2022-05-22
5644,2703,623782.0,2022-05-22
5645,2708,77760.0,2022-05-22
5646,2702,10800.0,2022-05-22
5647,2708,182500.0,2022-05-22
5648,2704,78840.0,2022-05-22
5649,2702,42048.0,2022-05-22
5650,2708,63565.0,2022-05-22
5651,2703,56174.0,2022-05-22
5652,2702,105120.0,2022-05-22
5653,2702,101562.0,2022-05-22
5654,2707,31919.0,2022-05-22
5655,2702,116794.0,2022-05-22
5656,2702,101562.0,2022-05-22
5657,2703,60000.0,2022-05-22
5658,2703,4000.0,2022-05-22
5659,2708,55554.0,2022-05-22
5660,2708,63478.0,2022-05-22
5661,2701,1298.0,2022-05-22
5662,2702,2036.0,2022-05-22
5663,2703,74110.0,2022-05-22
5664,2703,4204.0,2022-05-22
5665,2707,42048.0,2022-05-22
5666,2706,7268.0,2022-05-22
5667,2705,4072.0,2022-05-22
5668,2807,10000.0,2022-05-22
5669,2807,72000.0,2022-05-22
5670,2807,48419.75,2022-05-22
5671,2807,26642.0,2022-05-22
5672,2807,1000.0,2022-05-22
5673,2801,532512.0,2022-05-22
5674,2801,329472.0,2022-05-22
5675,2808,0.0,2022-05-22
5676,2808,0.0,2022-05-22
5677,2808,0.0,2022-05-22
5678,2807,150000.0,2022-05-22
5679,2807,165000.0,2022-05-22
5680,2807,6000.0,2022-05-22
5681,2806,20651.0,2022-05-22
5682,2807,59999.0,2022-05-22
5683,2807,180000.0,2022-05-22
5684,2806,265000.0,2022-05-22
5685,2807,24693.5,2022-05-22
5686,2807,219.0,2022-05-22
5687,2806,85000.0,2022-05-22
5688,2807,200000.0,2022-05-22
5689,2808,53430.84,2022-05-22
5690,2808,15000.0,2022-05-22
5691,2808,5000.0,2022-05-22
5692,2808,30000.0,2022-05-22
5693,2808,2500.0,2022-05-22
5694,2808,2500.0,2022-05-22
5695,2807,180000.0,2022-05-22
5696,2811,48456.25,2022-05-22
5697,2807,4000.0,2022-05-22
5698,2809,63650.0,2022-05-22
5699,2807,463.25,2022-05-22
5700,2807,250.0,2022-05-22
5701,2807,500.0,2022-05-22
5702,2807,500.0,2022-05-22
5703,2807,250.0,2022-05-22
5704,2806,24912.5,2022-05-22
5705,2803,200000.0,2022-05-22
5706,2803,50000.0,2022-05-22
5707,2802,4872.75,2022-05-22
5708,2802,2737.5,2022-05-22
5709,2802,2737.5,2022-05-22
5710,2802,2737.5,2022-05-22
5711,2802,2737.5,2022-05-22
5712,2802,2737.5,2022-05-22
5713,2802,2737.5,2022-05-22
5714,2807,110.0,2022-05-22
5715,2807,6000.0,2022-05-22
5716,2807,3285.0,2022-05-22
5717,2807,58000.0,2022-05-22
5718,2807,8000.0,2022-05-22
5719,2807,30000.0,2022-05-22
5720,2807,30000.0,2022-05-22
5721,2807,60000.0,2022-05-22
5722,2807,60000.0,2022-05-22
5723,2803,28830.0,2022-05-22
5724,2803,34330.0,2022-05-22
5725,2806,240000.0,2022-05-22
5726,2806,240000.0,2022-05-22
5727,2807,90000.0,2022-05-22
5728,2807,90000.0,2022-05-22
5729,2803,15768.0,2022-05-22
5730,2806,240000.0,2022-05-22
5731,2811,130000.0,2022-05-22
5732,2801,55000.0,2022-05-22
5733,2801,55000.0,2022-05-22
5734,2807,10000.0,2022-05-22
5735,2807,2000.0,2022-05-22
5736,2807,78000.0,2022-05-22
5737,2802,912.5,2022-05-22
5738,2806,61503.6,2022-05-22
5739,2811,540000.0,2022-05-22
5740,2811,570000.0,2022-05-22
5741,2811,342000.0,2022-05-22
5742,2807,511.0,2022-05-22
5743,2811,180000.0,2022-05-22
5744,2807,5000.0,2022-05-22
5745,2807,10000.0,2022-05-22
5746,2807,1500.0,2022-05-22
5747,2807,500.0,2022-05-22
5748,2807,1000.0,2022-05-22
5749,2807,16219.0,2022-05-22
5750,2806,111000.0,2022-05-22
5751,2807,1381.86,2022-05-22
5752,2807,40000.0,2022-05-22
5753,2807,219.0,2022-05-22
5754,2808,122153.5,2022-05-22
5755,2806,150000.0,2022-05-22
5756,2807,10000.0,2022-05-22
5757,2807,821.25,2022-05-22
5758,2807,13000.0,2022-05-22
5759,2801,24000.0,2022-05-22
5760,2806,30000.0,2022-05-22
5761,2807,120000.0,2022-05-22
5762,2806,149040.0,2022-05-22
5763,2807,6000.0,2022-05-22
5764,2807,36000.0,2022-05-22
5765,2807,84000.0,2022-05-22
5766,2807,102000.0,2022-05-22
5767,2807,90000.0,2022-05-22
5768,2903,130900.0,2022-05-22
5769,2901,4805.0,2022-05-22
5770,2903,88368.0,2022-05-22
5771,2901,30000.0,2022-05-22
5772,2901,5000.0,2022-05-22
5773,2902,248117.0,2022-05-22
5774,2901,42000.0,2022-05-22
5775,2903,120000.0,2022-05-22
5776,2903,17681.0,2022-05-22
5777,2903,187065.0,2022-05-22
5778,2901,15250.0,2022-05-22
5779,2901,89972.1,2022-05-22
5780,2901,89972.1,2022-05-22
5781,2901,86400.0,2022-05-22
5782,2901,163200.0,2022-05-22
5783,2902,54000.0,2022-05-22
5784,2903,173355.0,2022-05-22
5785,2901,336000.0,2022-05-22
5786,2903,124200.0,2022-05-22
5787,2901,81610.0,2022-05-22
5788,2901,8669.0,2022-05-22
5789,2901,19163.0,2022-05-22
5790,2901,23163.3,2022-05-22
5791,2903,201000.0,2022-05-22
5792,2903,211268.0,2022-05-22
5793,2901,20000.0,2022-05-22
5794,2903,4320.0,2022-05-22
5795,2901,2729.0,2022-05-22
5796,2903,28494.0,2022-05-22
5797,2901,16425.0,2022-05-22
5798,2901,79935.0,2022-05-22
5799,2901,16133.0,2022-05-22
5800,2901,98167.0,2022-05-22
5801,2901,134576.0,2022-05-22
5802,2901,3375.0,2022-05-22
5803,2902,16800.0,2022-05-22
5804,2903,122045.0,2022-05-22
5805,2903,180000.0,2022-05-22
5806,2901,304056.0,2022-05-22
5807,2901,243000.0,2022-05-22
5808,2901,124438.0,2022-05-22
5809,2902,2800.0,2022-05-22
5810,2901,401137.92,2022-05-22
5811,2901,10226.0,2022-05-22
5812,2901,52920.0,2022-05-22
5813,2901,102656.25,2022-05-22
5814,2901,2700.0,2022-05-22
5815,2901,144000.0,2022-05-22
5816,2901,2772.0,2022-05-22
5817,2901,3300.12,2022-05-22
5818,2901,866922.0,2022-05-22
5819,2903,144225.0,2022-05-22
5820,2902,322773.0,2022-05-22
5821,2902,248067.0,2022-05-22
5822,2903,101620.0,2022-05-22
5823,2901,8709.0,2022-05-22
5824,2901,2667.98,2022-05-22
5825,2901,163250.0,2022-05-22
5826,2903,204625.0,2022-05-22
5827,2901,4539.0,2022-05-22
5828,2901,866922.0,2022-05-22
5829,2901,154360.0,2022-05-22
5830,2901,5010.0,2022-05-22
5831,2901,74078.1,2022-05-22
5832,2901,66131.1,2022-05-22
5833,2903,381372.0,2022-05-22
5834,2903,300000.0,2022-05-22
5835,2903,42518.0,2022-05-22
5836,2903,204000.0,2022-05-22
5837,2901,2646.0,2022-05-22
5838,2903,270000.0,2022-05-22
5839,2903,135000.0,2022-05-22
5840,2901,240000.0,2022-05-22
5841,2901,200000.0,2022-05-22
5842,2901,380000.0,2022-05-22
5843,2901,7390.0,2022-05-22
5844,2903,185000.0,2022-05-22
5845,2901,24146.0,2022-05-22
5846,2901,390000.0,2022-05-22
5847,2901,20908.0,2022-05-22
5848,2901,74.0,2022-05-22
5849,2901,203196.0,2022-05-22
5850,2902,276801.0,2022-05-22
5851,2902,270776.0,2022-05-22
5852,2903,360000.0,2022-05-22
5853,2901,5912.0,2022-05-22
5854,2903,63772.5,2022-05-22
5855,2901,560405.0,2022-05-22
5856,2901,335175.0,2022-05-22
5857,2901,510000.0,2022-05-22
5858,2902,210000.0,2022-05-22
5859,2903,90000.0,2022-05-22
5860,2903,354000.0,2022-05-22
5861,2901,42000.0,2022-05-22
5862,2903,150000.0,2022-05-22
5863,2903,40000.0,2022-05-22
5864,2903,200000.0,2022-05-22
5865,2903,120000.0,2022-05-22
5866,2903,300000.0,2022-05-22
5867,2903,360000.0,2022-05-22
5868,3001,93225.6,2022-05-22
5869,3010,34560.0,2022-05-22
5870,3010,128790.0,2022-05-22
5871,3010,70567.2,2022-05-22
5872,3010,51840.0,2022-05-22
5873,3010,116640.0,2022-05-22
5874,3010,207360.0,2022-05-22
5875,3018,24309.0,2022-05-22
5876,3008,40000.0,2022-05-22
5877,3008,35398.0,2022-05-22
5878,3006,15000.0,2022-05-22
5879,3010,209252.16,2022-05-22
5880,3010,153850.77,2022-05-22
5881,3006,146790.0,2022-05-22
5882,3010,43740.0,2022-05-22
5883,3010,51840.0,2022-05-22
5884,3010,196371.0,2022-05-22
5885,3020,478953.0,2022-05-22
5886,3020,212868.0,2022-05-22
5887,3010,338256.0,2022-05-22
5888,3006,60000.0,2022-05-22
5889,3008,6760.8,2022-05-22
5890,3006,300000.0,2022-05-22
5891,3010,101088.0,2022-05-22
5892,3010,81648.0,2022-05-22
5893,3017,25920.0,2022-05-22
5894,3010,518400.0,2022-05-22
5895,3010,878526.0,2022-05-22
5896,3008,215978.4,2022-05-22
5897,3019,400000.0,2022-05-22
5898,3008,10000.0,2022-05-22
5899,3006,985500.0,2022-05-22
5900,3008,83250.0,2022-05-22
5901,3008,166200.0,2022-05-22
5902,3008,176700.0,2022-05-22
5903,3008,176700.0,2022-05-22
5904,3008,166200.0,2022-05-22
5905,3008,166200.0,2022-05-22
5906,3019,389391.0,2022-05-22
5907,3008,241920.0,2022-05-22
5908,3010,198288.0,2022-05-22
5909,3010,95256.0,2022-05-22
5910,3010,133056.0,2022-05-22
5911,3005,315000.0,2022-05-22
5912,3008,45579.37,2022-05-22
5913,3008,36500.0,2022-05-22
5914,3010,254016.0,2022-05-22
5915,3010,498960.0,2022-05-22
5916,3008,120960.0,2022-05-22
5917,3008,182500.0,2022-05-22
5918,3008,182500.0,2022-05-22
5919,3010,281885.0,2022-05-22
5920,3008,136445.0,2022-05-22
5921,3010,134430.0,2022-05-22
5922,3010,56160.0,2022-05-22
5923,3008,331138.0,2022-05-22
5924,3010,42120.0,2022-05-22
5925,3006,50000.0,2022-05-22
5926,3012,140000.0,2022-05-22
5927,3007,10000.0,2022-05-22
5928,3007,30000.0,2022-05-22
5929,3007,155002.0,2022-05-22
5930,3006,237874.0,2022-05-22
5931,3008,150000.0,2022-05-22
5932,3008,100000.0,2022-05-22
5933,3010,51840.0,2022-05-22
5934,3007,550317.0,2022-05-22
5935,3008,96768.0,2022-05-22
5936,3008,107360.0,2022-05-22
5937,3006,19000.0,2022-05-22
5938,3006,19000.0,2022-05-22
5939,3006,19571.2,2022-05-22
5940,3006,462400.0,2022-05-22
5941,3005,123120.0,2022-05-22
5942,3008,200000.0,2022-05-22
5943,3008,10922.0,2022-05-22
5944,3010,302400.0,2022-05-22
5945,3010,302400.0,2022-05-22
5946,3005,100000.0,2022-05-22
5947,3017,60000.0,2022-05-22
5948,3006,160000.0,2022-05-22
5949,3006,73280.0,2022-05-22
5950,3004,194734.8,2022-05-22
5951,3008,120000.0,2022-05-22
5952,3008,120000.0,2022-05-22
5953,3006,5000.0,2022-05-22
5954,3006,2000.0,2022-05-22
5955,3008,111580.0,2022-05-22
5956,3004,5000.0,2022-05-22
5957,3020,294523.65,2022-05-22
5958,3017,105000.0,2022-05-22
5959,3006,95000.0,2022-05-22
5960,3006,100000.0,2022-05-22
5961,3006,30000.0,2022-05-22
5962,3006,100000.0,2022-05-22
5963,3006,300000.0,2022-05-22
5964,3008,200000.0,2022-05-22
5965,3008,61969.64,2022-05-22
5966,3006,10000.0,2022-05-22
5967,3010,155520.0,2022-05-22
5968,3105,6000.0,2022-05-22
5969,3105,343.2,2022-05-22
5970,3105,27352.5,2022-05-22
5971,3105,3308.0,2022-05-22
5972,3105,12775.0,2022-05-22
5973,3105,337.0,2022-05-22
5974,3105,5256.0,2022-05-22
5975,3105,5232.6,2022-05-22
5976,3105,34091.85,2022-05-22
5977,3105,56221.25,2022-05-22
5978,3105,5649.9,2022-05-22
5979,3105,31050.0,2022-05-22
5980,3105,13171.0,2022-05-22
5981,3105,100000.0,2022-05-22
5982,3105,15552.0,2022-05-22
5983,3105,159082.5,2022-05-22
5984,3105,90328.5,2022-05-22
5985,3105,73472.0,2022-05-22
5986,3105,66083.25,2022-05-22
5987,3105,7091.25,2022-05-22
5988,3105,1694.75,2022-05-22
5989,3105,201985.86,2022-05-22
5990,3105,393.96,2022-05-22
5991,3105,67240.0,2022-05-22
5992,3105,7665.0,2022-05-22
5993,3105,41400.0,2022-05-22
5994,3105,4347.0,2022-05-22
5995,3105,12194.0,2022-05-22
5996,3105,150000.0,2022-05-22
5997,3105,5417.5,2022-05-22
5998,3105,13124.0,2022-05-22
5999,3105,150000.0,2022-05-22
6000,3105,38872.5,2022-05-22
6001,3105,757580.0,2022-05-22
6002,3105,31705.75,2022-05-22
6003,3105,6000.0,2022-05-22
6004,3105,120000.0,2022-05-22
6005,3105,120000.0,2022-05-22
6006,3105,69172.4,2022-05-22
6007,3105,50652.0,2022-05-22
6008,3105,49065.0,2022-05-22
6009,3105,43955.0,2022-05-22
6010,3105,5628.0,2022-05-22
6011,3105,6000.0,2022-05-22
6012,3105,6000.0,2022-05-22
6013,3105,27087.5,2022-05-22
6014,3105,931.0,2022-05-22
6015,3105,394322.0,2022-05-22
6016,3105,134550.0,2022-05-22
6017,3105,5475.0,2022-05-22
6018,3105,675.36,2022-05-22
6019,3105,16425.0,2022-05-22
6020,3105,30000.0,2022-05-22
6021,3105,24000.0,2022-05-22
6022,3105,33605.0,2022-05-22
6023,3105,25550.0,2022-05-22
6024,3105,103500.0,2022-05-22
6025,3105,14496.25,2022-05-22
6026,3105,6000.0,2022-05-22
6027,3105,21977.5,2022-05-22
6028,3105,7026.25,2022-05-22
6029,3105,6000.0,2022-05-22
6030,3105,5365.5,2022-05-22
6031,3105,2555.0,2022-05-22
6032,3105,5814.0,2022-05-22
6033,3105,101287.5,2022-05-22
6034,3105,2814.0,2022-05-22
6035,3105,14182.5,2022-05-22
6036,3105,3832.5,2022-05-22
6037,3105,192075.0,2022-05-22
6038,3105,201825.0,2022-05-22
6039,3105,12018.25,2022-05-22
6040,3105,6616.0,2022-05-22
6041,3105,24000.0,2022-05-22
6042,3105,4471.25,2022-05-22
6043,3105,33605.0,2022-05-22
6044,3105,22616.25,2022-05-22
6045,3105,200000.0,2022-05-22
6046,3105,5338.0,2022-05-22
6047,3105,263.25,2022-05-22
6048,3105,36500.0,2022-05-22
6049,3105,1688.4,2022-05-22
6050,3105,10350.0,2022-05-22
6051,3105,5110.0,2022-05-22
6052,3105,219.0,2022-05-22
6053,3105,115716.0,2022-05-22
6054,3105,1335.0,2022-05-22
6055,3105,11883.0,2022-05-22
6056,3105,436.17,2022-05-22
6057,3105,9218.75,2022-05-22
6058,3105,126000.0,2022-05-22
6059,3105,102400.0,2022-05-22
6060,3105,220000.0,2022-05-22
6061,3105,3212.0,2022-05-22
6062,3105,18146.0,2022-05-22
6063,3105,15000.0,2022-05-22
6064,3105,20700.0,2022-05-22
6065,3105,124873.0,2022-05-22
6066,3105,120000.0,2022-05-22
6067,3105,2469.0,2022-05-22
6068,3222,60800.0,2022-05-22
6069,3216,60000.0,2022-05-22
6070,3216,60000.0,2022-05-22
6071,3204,60000.0,2022-05-22
6072,3213,24000.0,2022-05-22
6073,3232,274.0,2022-05-22
6074,3206,5541.0,2022-05-22
6075,3222,60000.0,2022-05-22
6076,3204,62000.0,2022-05-22
6077,3211,210000.0,2022-05-22
6078,3225,120000.0,2022-05-22
6079,3211,18000.0,2022-05-22
6080,3204,30000.0,2022-05-22
6081,3216,60000.0,2022-05-22
6082,3207,60000.0,2022-05-22
6083,3222,3000.0,2022-05-22
6084,3207,13500.0,2022-05-22
6085,3222,60000.0,2022-05-22
6086,3213,5100.0,2022-05-22
6087,3218,10000.0,2022-05-22
6088,3207,51000.0,2022-05-22
6089,3204,30000.0,2022-05-22
6090,3204,18600.0,2022-05-22
6091,3213,12000.0,2022-05-22
6092,3213,6000.0,2022-05-22
6093,3229,201000.0,2022-05-22
6094,3226,18000.0,2022-05-22
6095,3230,6000.0,2022-05-22
6096,3217,2260.0,2022-05-22
6097,3226,6000.0,2022-05-22
6098,3226,6000.0,2022-05-22
6099,3232,30000.0,2022-05-22
6100,3222,60000.0,2022-05-22
6101,3217,90000.0,2022-05-22
6102,3217,60000.0,2022-05-22
6103,3207,60000.0,2022-05-22
6104,3225,240000.0,2022-05-22
6105,3212,102000.0,2022-05-22
6106,3213,12000.0,2022-05-22
6107,3214,124800.0,2022-05-22
6108,3217,2251.0,2022-05-22
6109,3205,27000.0,2022-05-22
6110,3212,188000.0,2022-05-22
6111,3213,18000.0,2022-05-22
6112,3214,36000.0,2022-05-22
6113,3205,21000.0,2022-05-22
6114,3226,18000.0,2022-05-22
6115,3214,178224.0,2022-05-22
6116,3217,3402.0,2022-05-22
6117,3210,200000.0,2022-05-22
6118,3225,270000.0,2022-05-22
6119,3226,10000.0,2022-05-22
6120,3226,20000.0,2022-05-22
6121,3214,150000.0,2022-05-22
6122,3223,71992.8,2022-05-22
6123,3210,234000.0,2022-05-22
6124,3225,7000.0,2022-05-22
6125,3226,30000.0,2022-05-22
6126,3226,180000.0,2022-05-22
6127,3226,72000.0,2022-05-22
6128,3226,178000.0,2022-05-22
6129,3230,30000.0,2022-05-22
6130,3212,120000.0,2022-05-22
6131,3214,60000.0,2022-05-22
6132,3225,180000.0,2022-05-22
6133,3229,60000.0,2022-05-22
6134,3214,75000.0,2022-05-22
6135,3226,12000.0,2022-05-22
6136,3226,30000.0,2022-05-22
6137,3209,18000.0,2022-05-22
6138,3217,550.0,2022-05-22
6139,3229,205.2,2022-05-22
6140,3226,36000.0,2022-05-22
6141,3229,95196.0,2022-05-22
6142,3226,106460.14,2022-05-22
6143,3226,6000.0,2022-05-22
6144,3226,6000.0,2022-05-22
6145,3222,10000.0,2022-05-22
6146,3222,10000.0,2022-05-22
6147,3222,30000.0,2022-05-22
6148,3226,30000.0,2022-05-22
6149,3225,3450.0,2022-05-22
6150,3226,18000.0,2022-05-22
6151,3224,20000.0,2022-05-22
6152,3226,100000.0,2022-05-22
6153,3226,138000.0,2022-05-22
6154,3232,600.0,2022-05-22
6155,3232,7500.0,2022-05-22
6156,3225,7000.0,2022-05-22
6157,3227,8000.0,2022-05-22
6158,3227,12000.0,2022-05-22
6159,3228,30000.0,2022-05-22
6160,3226,240000.0,2022-05-22
6161,3225,44064.0,2022-05-22
6162,3217,350000.0,2022-05-22
6163,3220,272730.0,2022-05-22
6164,3220,272730.0,2022-05-22
6165,3220,272730.0,2022-05-22
6166,3220,272730.0,2022-05-22
6167,3220,272730.0,2022-05-22
