NÃšMERO DE ANEXO,ID SUPERFICIE,VOLUMEN ANUAL,FECHA
20,0,89812.0,2022-05-22
55,0,70000.0,2022-05-22
56,0,80000.0,2022-05-22
61,0,450.0,2022-05-22
317,0,180144.0,2022-05-22
410,0,120096.0,2022-05-22
421,0,80179.0,2022-05-22
422,0,18000000.0,2022-05-22
654,0,420.0,2022-05-22
979,0,80000.0,2022-05-22
1236,0,150000.0,2022-05-22
1274,0,150000.0,2022-05-22
1412,0,533.0,2022-05-22
1477,0,852.0,2022-05-22
1491,0,609.0,2022-05-22
1519,0,1217.0,2022-05-22
1520,0,1460.0,2022-05-22
1521,0,677232000.0,2022-05-22
1566,0,4564.0,2022-05-22
1612,0,685.0,2022-05-22
1613,0,1800000.0,2022-05-22
1631,0,18800.0,2022-05-22
1774,0,33680.0,2022-05-22
1787,0,1460.0,2022-05-22
1791,0,1368.75,2022-05-22
1802,0,9600.0,2022-05-22
2038,0,9600.0,2022-05-22
2039,0,730.0,2022-05-22
2040,0,1800.0,2022-05-22
2041,0,1800.0,2022-05-22
2042,0,1825.0,2022-05-22
2043,0,1792000.0,2022-05-22
2044,0,4032500.0,2022-05-22
2045,0,4525500.0,2022-05-22
2046,0,4819000.0,2022-05-22
2047,0,4828500.0,2022-05-22
2336,0,4032500.0,2022-05-22
2337,0,4819000.0,2022-05-22
2338,0,1237500.0,2022-05-22
2339,0,450000.0,2022-05-22
2340,0,300000.0,2022-05-22
2341,0,1300000.0,2022-05-22
2342,0,28000.0,2022-05-22
2343,0,2550.0,2022-05-22
2344,0,160000.0,2022-05-22
2345,0,16000.0,2022-05-22
2346,0,17000.0,2022-05-22
2347,0,14000.0,2022-05-22
2348,0,120000.0,2022-05-22
2349,0,800100000.0,2022-05-22
2350,0,1600000.0,2022-05-22
2351,0,48000000.0,2022-05-22
2352,0,350000.0,2022-05-22
2353,0,1566000.0,2022-05-22
2354,0,12000000.0,2022-05-22
2355,0,11890.0,2022-05-22
2356,0,100000.0,2022-05-22
2357,0,608864.0,2022-05-22
2358,0,1190.7,2022-05-22
2359,0,511056.0,2022-05-22
2360,0,92226.0,2022-05-22
2361,0,7300.0,2022-05-22
2362,0,207000.0,2022-05-22
2363,0,90000.0,2022-05-22
2364,0,168000.0,2022-05-22
2365,0,205550.0,2022-05-22
2366,0,9245000.0,2022-05-22
2367,0,475000.0,2022-05-22
2368,0,48000.0,2022-05-22
2369,0,175450.0,2022-05-22
2370,0,1056300.0,2022-05-22
2371,0,4161761000.0,2022-05-22
2372,0,2456135000.0,2022-05-22
2373,0,2956800.0,2022-05-22
2374,0,4415040.0,2022-05-22
2375,0,40000.0,2022-05-22
2376,0,6250.0,2022-05-22
2377,0,450000.0,2022-05-22
2378,0,200000.0,2022-05-22
2379,0,400000.0,2022-05-22
2380,0,500000.0,2022-05-22
2381,0,14000000.0,2022-05-22
2382,0,4307629.0,2022-05-22
4361,0,1279873000.0,2022-05-22
4362,0,18000000.0,2022-05-22
4363,0,960565000.0,2022-05-22
4407,0,1857882000.0,2022-05-22
4408,0,4386000.0,2022-05-22
4409,0,996000.0,2022-05-22
4410,0,300000.0,2022-05-22
4411,0,684000.0,2022-05-22
4412,0,3468416.0,2022-05-22
4413,0,12000.0,2022-05-22
4414,0,1829.0,2022-05-22
4506,1,80640.0,2022-05-22
4507,1,68000.0,2022-05-22
4508,1,910.0,2022-05-22
4509,1,910.0,2022-05-22
4510,1,910.0,2022-05-22
4511,1,381.0,2022-05-22
48,1,1278.0,2022-05-22
62,1,1825.0,2022-05-22
121,1,913.0,2022-05-22
122,1,1278.0,2022-05-22
123,1,395.0,2022-05-22
137,1,10403.0,2022-05-22
139,1,4198.0,2022-05-22
140,1,2099.0,2022-05-22
141,1,5840.0,2022-05-22
163,1,852.0,2022-05-22
164,1,3726.0,2022-05-22
178,1,3042.0,2022-05-22
285,1,4563.0,2022-05-22
302,1,1597.0,2022-05-22
452,1,2449.0,2022-05-22
453,1,328.5,2022-05-22
752,1,3600.0,2022-05-22
781,1,2250.0,2022-05-22
1043,1,6000.0,2022-05-22
1069,1,2400.0,2022-05-22
1070,1,2700.0,2022-05-22
1071,1,5000.0,2022-05-22
1072,1,821.15,2022-05-22
1073,1,1095.0,2022-05-22
1074,1,547.5,2022-05-22
1075,1,547.5,2022-05-22
1259,1,912.5,2022-05-22
1353,1,1003.75,2022-05-22
1434,1,821.0,2022-05-22
1439,1,730.0,2022-05-22
1468,1,821.25,2022-05-22
1469,1,912.5,2022-05-22
1483,1,730.0,2022-05-22
1484,1,912.5,2022-05-22
1512,1,1825.0,2022-05-22
1516,1,2737.0,2022-05-22
1518,1,2053.0,2022-05-22
1527,1,1369.0,2022-05-22
1528,1,1369.0,2022-05-22
1546,1,1369.0,2022-05-22
1617,1,1369.0,2022-05-22
1670,1,1369.0,2022-05-22
1671,1,1369.0,2022-05-22
1675,1,1369.0,2022-05-22
1676,1,1369.0,2022-05-22
1677,1,1369.0,2022-05-22
1678,1,1369.0,2022-05-22
1687,1,2980.0,2022-05-22
1719,1,1825.0,2022-05-22
1731,1,4684.0,2022-05-22
1732,1,2980.0,2022-05-22
1734,1,798.0,2022-05-22
1737,1,1597.0,2022-05-22
1745,1,1597.0,2022-05-22
1762,1,1369.0,2022-05-22
1770,1,1369.0,2022-05-22
1784,1,1369.0,2022-05-22
1789,1,1597.0,2022-05-22
1790,1,121.0,2022-05-22
1793,1,486.66,2022-05-22
1794,1,304.0,2022-05-22
1796,1,152.0,2022-05-22
1797,1,364.0,2022-05-22
1798,1,912.5,2022-05-22
1799,1,95018.75,2022-05-22
1800,1,3650.0,2022-05-22
1801,1,8212.0,2022-05-22
1805,1,1825.0,2022-05-22
1808,1,15000.0,2022-05-22
1809,1,20000.0,2022-05-22
1810,1,25000.0,2022-05-22
1811,1,20000.0,2022-05-22
1812,1,350000.0,2022-05-22
1816,1,5219.8,2022-05-22
1820,1,400000.0,2022-05-22
1821,1,120000.0,2022-05-22
1823,1,60000.0,2022-05-22
1824,1,500000.0,2022-05-22
1825,1,300000.0,2022-05-22
1827,1,560000.0,2022-05-22
1829,1,13000.0,2022-05-22
1830,1,1687.0,2022-05-22
1831,1,1600.0,2022-05-22
1832,1,1200.0,2022-05-22
1833,1,1600.0,2022-05-22
1834,1,12000.0,2022-05-22
1835,1,5200.0,2022-05-22
1836,1,8500.0,2022-05-22
1837,1,360000.0,2022-05-22
1838,1,2125.0,2022-05-22
1839,1,1700.0,2022-05-22
1840,1,600.0,2022-05-22
1841,1,30000.0,2022-05-22
1842,1,108864.0,2022-05-22
1843,1,164026.0,2022-05-22
1844,1,210000.0,2022-05-22
1845,1,14583.0,2022-05-22
1846,1,14583.0,2022-05-22
1847,1,14583.0,2022-05-22
1848,1,14583.0,2022-05-22
41,1,1278.0,2022-05-22
60,1,12000.0,2022-05-22
115,1,45000.0,2022-05-22
162,1,20000.0,2022-05-22
175,1,250000.0,2022-05-22
184,1,10248.0,2022-05-22
185,1,377483.0,2022-05-22
188,1,9800.0,2022-05-22
268,1,19800.0,2022-05-22
291,1,44000.0,2022-05-22
347,1,8176.0,2022-05-22
431,1,5413.0,2022-05-22
438,1,3033.0,2022-05-22
440,1,4250.0,2022-05-22
487,1,987.0,2022-05-22
580,1,933.0,2022-05-22
633,1,22800.0,2022-05-22
703,1,32670.0,2022-05-22
791,1,18133.0,2022-05-22
824,1,46920.0,2022-05-22
1265,1,9184.0,2022-05-22
1376,1,11100.0,2022-05-22
1620,1,6667.0,2022-05-22
1623,1,4240.0,2022-05-22
1625,1,2193.0,2022-05-22
1626,1,442.0,2022-05-22
1691,1,15000.0,2022-05-22
1709,1,235000.0,2022-05-22
1849,1,44000.0,2022-05-22
1850,1,3200.0,2022-05-22
1851,1,30600.0,2022-05-22
1852,1,2100.0,2022-05-22
2413,1,1076.67,2022-05-22
2414,1,204.8,2022-05-22
2415,1,167.2,2022-05-22
2416,1,96.0,2022-05-22
2417,1,1092.0,2022-05-22
2418,1,146.67,2022-05-22
2419,1,277.2,2022-05-22
2420,1,3116.67,2022-05-22
2421,1,100.0,2022-05-22
2422,1,1500.0,2022-05-22
2423,1,50.4,2022-05-22
2424,1,5175.0,2022-05-22
2425,1,24000.0,2022-05-22
2426,1,720000.0,2022-05-22
2427,1,20000.0,2022-05-22
2428,1,12800.0,2022-05-22
2429,1,37566.67,2022-05-22
2430,1,11304.0,2022-05-22
6450,1,2625.0,2022-05-22
6451,1,11200.0,2022-05-22
6452,1,15000.0,2022-05-22
6453,1,12350.0,2022-05-22
6454,1,1040.0,2022-05-22
6455,1,1624.0,2022-05-22
6456,1,4547.0,2022-05-22
6457,1,3597.0,2022-05-22
6458,1,1993.0,2022-05-22
6459,1,4992.0,2022-05-22
6460,1,1478.0,2022-05-22
6461,1,4560.0,2022-05-22
6462,1,7269.0,2022-05-22
6463,1,11100.0,2022-05-22
6464,1,1733.0,2022-05-22
6465,1,5200.0,2022-05-22
6466,1,1932.0,2022-05-22
6467,1,459.0,2022-05-22
6468,1,1081.0,2022-05-22
6469,1,1150.0,2022-05-22
6470,1,12155.0,2022-05-22
6471,1,1150.0,2022-05-22
6472,1,1825.0,2022-05-22
6473,1,137.0,2022-05-22
6474,1,942.0,2022-05-22
6475,1,942.0,2022-05-22
6476,1,974.0,2022-05-22
6477,1,1095.0,2022-05-22
6478,1,3650.0,2022-05-22
6479,1,912.0,2022-05-22
6480,1,912.0,2022-05-22
6481,1,229.0,2022-05-22
6482,1,3802.0,2022-05-22
6483,1,2804.0,2022-05-22
6484,1,3788.0,2022-05-22
6485,1,229.0,2022-05-22
6486,1,456.0,2022-05-22
6487,1,2214.0,2022-05-22
6488,1,3790.0,2022-05-22
6489,1,2531.0,2022-05-22
6490,1,548.0,2022-05-22
6491,1,548.0,2022-05-22
6492,1,548.0,2022-05-22
6493,1,500000.0,2022-05-22
6494,1,640000.0,2022-05-22
6495,2,10000.0,2022-05-22
6496,2,29532.0,2022-05-22
6497,2,96307.0,2022-05-22
6498,2,50000.0,2022-05-22
6499,2,31555.0,2022-05-22
1726,2,157000.0,2022-05-22
2291,2,165000.0,2022-05-22
2292,2,6336.0,2022-05-22
6976,2,440121.0,2022-05-22
6977,2,23328.0,2022-05-22
6978,2,24192.0,2022-05-22
6979,2,421200.0,2022-05-22
6980,2,97200.0,2022-05-22
6981,2,9331.0,2022-05-22
6982,2,31104.0,2022-05-22
6983,2,15436.0,2022-05-22
6984,2,12000.0,2022-05-22
6985,2,137773.0,2022-05-22
6986,2,18720.0,2022-05-22
6987,2,10000.0,2022-05-22
6988,2,10000.0,2022-05-22
6989,2,35000.0,2022-05-22
6990,2,20000.0,2022-05-22
6991,2,10000.0,2022-05-22
6992,2,10000.0,2022-05-22
6993,2,32000.0,2022-05-22
6994,2,5000.0,2022-05-22
6995,2,10130.0,2022-05-22
6996,2,40000.0,2022-05-22
6997,2,9000.0,2022-05-22
6998,2,10000.0,2022-05-22
6999,2,20633.0,2022-05-22
7000,2,16585.0,2022-05-22
7001,2,25000.0,2022-05-22
7002,2,130000.0,2022-05-22
7003,2,24000.0,2022-05-22
7004,2,16070.0,2022-05-22
7005,2,245000.0,2022-05-22
7006,2,500.0,2022-05-22
7007,2,10000.0,2022-05-22
7008,2,12000.0,2022-05-22
7009,2,120550.0,2022-05-22
7010,2,36000.0,2022-05-22
7011,2,5400.0,2022-05-22
7012,2,14420.0,2022-05-22
7013,2,16200.0,2022-05-22
7014,2,500000.0,2022-05-22
7015,2,185.0,2022-05-22
7016,2,30000.0,2022-05-22
7017,2,180000.0,2022-05-22
7018,2,36000.0,2022-05-22
7019,2,2700.0,2022-05-22
7020,2,2700.0,2022-05-22
7021,2,2700.0,2022-05-22
7022,2,2700.0,2022-05-22
7023,2,2700.0,2022-05-22
7024,2,6000.0,2022-05-22
7025,2,11095.0,2022-05-22
7026,2,6000.0,2022-05-22
7027,2,240000.0,2022-05-22
7028,2,72000.0,2022-05-22
7029,2,30000.0,2022-05-22
7030,2,3000.0,2022-05-22
7031,2,3000.0,2022-05-22
7032,2,3000.0,2022-05-22
7033,2,3000.0,2022-05-22
7034,2,4000.0,2022-05-22
7035,2,3000.0,2022-05-22
7036,2,3000.0,2022-05-22
7037,2,11000.0,2022-05-22
7038,2,3000.0,2022-05-22
7039,2,328.0,2022-05-22
7040,2,31536.0,2022-05-22
7041,2,1800000.0,2022-05-22
7042,2,90000.0,2022-05-22
7043,2,60000.0,2022-05-22
7044,2,164.25,2022-05-22
7045,2,37910.0,2022-05-22
7046,2,165000.0,2022-05-22
7047,2,150360.0,2022-05-22
7048,2,103048.0,2022-05-22
7049,2,23096.0,2022-05-22
7050,2,492.75,2022-05-22
7051,2,246.37,2022-05-22
7052,2,164.25,2022-05-22
7053,2,150000.0,2022-05-22
7054,2,38292.75,2022-05-22
7055,2,328.5,2022-05-22
7056,2,730.0,2022-05-22
7057,2,17737.5,2022-05-22
7058,2,23650.0,2022-05-22
7059,2,167000.0,2022-05-22
7060,2,279936.0,2022-05-22
7061,2,985.5,2022-05-22
7062,2,95157.0,2022-05-22
7063,2,71261.5,2022-05-22
7064,2,328.5,2022-05-22
7065,2,200.0,2022-05-22
7066,2,821.25,2022-05-22
7067,2,1314.0,2022-05-22
7068,2,1314.0,2022-05-22
7069,2,807.0,2022-05-22
7070,2,2548.0,2022-05-22
7071,2,912.5,2022-05-22
7072,2,600.0,2022-05-22
52,2,315360.0,2022-05-22
83,2,315360.0,2022-05-22
242,2,6300.0,2022-05-22
246,2,30465.0,2022-05-22
365,2,1041.66,2022-05-22
366,2,30141.0,2022-05-22
412,2,13481.64,2022-05-22
413,2,16714.08,2022-05-22
414,2,43078.18,2022-05-22
416,2,104760.0,2022-05-22
446,2,10406.88,2022-05-22
1232,2,12154.5,2022-05-22
1391,2,31104.0,2022-05-22
1692,2,194400.0,2022-05-22
1693,2,20184.5,2022-05-22
2525,2,2997.0,2022-05-22
2526,2,250230.0,2022-05-22
2527,2,207360.0,2022-05-22
2528,2,114000.0,2022-05-22
2529,2,240000.0,2022-05-22
2530,2,51600.0,2022-05-22
2531,2,210000.0,2022-05-22
2532,2,18000.0,2022-05-22
2533,2,133000.0,2022-05-22
2534,2,500.0,2022-05-22
2535,2,53550.0,2022-05-22
2536,2,96000.0,2022-05-22
2537,2,1850.0,2022-05-22
2538,2,37200.0,2022-05-22
2539,2,38369.0,2022-05-22
2540,2,90000.0,2022-05-22
2541,2,55800.0,2022-05-22
2542,2,60720.0,2022-05-22
2543,2,30000.0,2022-05-22
2544,2,120000.0,2022-05-22
2545,2,87500.0,2022-05-22
2546,2,1150684.0,2022-05-22
2547,2,25000.0,2022-05-22
2548,2,10825.0,2022-05-22
4366,2,46396.0,2022-05-22
7098,2,31536.0,2022-05-22
7099,2,15000.0,2022-05-22
7100,2,1120000.0,2022-05-22
7101,2,6515.25,2022-05-22
7102,2,34560.0,2022-05-22
7103,2,104740.0,2022-05-22
7104,2,155721.0,2022-05-22
7105,2,4424.0,2022-05-22
7106,2,4147.0,2022-05-22
7107,2,321894.0,2022-05-22
7108,2,6000.0,2022-05-22
7109,2,36456.0,2022-05-22
7110,2,12000.0,2022-05-22
7111,2,9331.2,2022-05-22
7112,2,9000.0,2022-05-22
7113,2,12000.0,2022-05-22
7114,2,15000.0,2022-05-22
7115,2,16330.0,2022-05-22
7116,2,6000.0,2022-05-22
7117,2,12960.0,2022-05-22
7118,2,7190.0,2022-05-22
7119,2,19353.0,2022-05-22
7120,2,10160.0,2022-05-22
7121,2,389.0,2022-05-22
7122,2,12000.0,2022-05-22
7123,2,11563.0,2022-05-22
7124,2,22732.0,2022-05-22
7125,2,175220.0,2022-05-22
7126,2,42888.0,2022-05-22
7127,2,25441.0,2022-05-22
7128,2,2300.0,2022-05-22
7129,2,7271.0,2022-05-22
7130,2,12000.0,2022-05-22
7131,2,607573.75,2022-05-22
7132,2,43046.64,2022-05-22
7133,2,153000.0,2022-05-22
7134,2,5767.0,2022-05-22
7135,2,18000.0,2022-05-22
7136,2,233280.0,2022-05-22
7137,2,60247.5,2022-05-22
7138,2,100000.0,2022-05-22
7139,2,58536.0,2022-05-22
7140,2,15768.0,2022-05-22
7141,2,30328.5,2022-05-22
7142,2,18273.75,2022-05-22
7143,2,30328.5,2022-05-22
7144,2,39490.0,2022-05-22
7145,2,2737.5,2022-05-22
7146,2,217938.75,2022-05-22
7147,2,600.0,2022-05-22
7148,2,48000.0,2022-05-22
7149,2,4562.5,2022-05-22
7150,2,3602.25,2022-05-22
7151,2,30273.75,2022-05-22
7152,2,1058.5,2022-05-22
7153,2,90000.0,2022-05-22
7154,2,30000.0,2022-05-22
7155,2,11430.0,2022-05-22
7156,2,18000.0,2022-05-22
7157,2,1036.8,2022-05-22
5,2,6000.0,2022-05-22
6,2,24000.0,2022-05-22
23,2,12913.0,2022-05-22
79,2,240000.0,2022-05-22
107,2,277000.0,2022-05-22
108,2,150000.0,2022-05-22
109,2,55500.0,2022-05-22
181,2,80000.0,2022-05-22
367,2,59232.0,2022-05-22
472,2,43680.0,2022-05-22
514,2,24365.0,2022-05-22
515,2,30231.0,2022-05-22
527,2,145800.0,2022-05-22
530,2,240913.0,2022-05-22
540,2,54000.0,2022-05-22
550,2,160.0,2022-05-22
561,2,16200.0,2022-05-22
566,2,6990.4,2022-05-22
571,2,21600.0,2022-05-22
573,2,42000.0,2022-05-22
575,2,4014.0,2022-05-22
581,2,48600.0,2022-05-22
593,2,48600.0,2022-05-22
594,2,82125.0,2022-05-22
604,2,16200.0,2022-05-22
608,2,10497.6,2022-05-22
609,2,12000.0,2022-05-22
611,2,77173.2,2022-05-22
634,2,195550.2,2022-05-22
636,2,788400.0,2022-05-22
642,2,15986.25,2022-05-22
643,2,946080.0,2022-05-22
644,2,8212.0,2022-05-22
646,2,23328.0,2022-05-22
649,2,51840.0,2022-05-22
669,2,30000.0,2022-05-22
671,2,30000.0,2022-05-22
679,2,51723.0,2022-05-22
684,2,120061.44,2022-05-22
685,2,34560.0,2022-05-22
689,2,42000.0,2022-05-22
697,2,6000.0,2022-05-22
704,2,2731000.0,2022-05-22
714,2,22208.26,2022-05-22
736,2,1261440.0,2022-05-22
747,2,21772.8,2022-05-22
749,2,124416.0,2022-05-22
772,2,11819.52,2022-05-22
788,2,550.0,2022-05-22
792,2,65408.0,2022-05-22
821,2,280.0,2022-05-22
825,2,280.0,2022-05-22
826,2,219.0,2022-05-22
846,2,280.0,2022-05-22
856,2,1040.0,2022-05-22
865,2,280.0,2022-05-22
872,2,2300.0,2022-05-22
873,2,49000.0,2022-05-22
874,2,120000.0,2022-05-22
875,2,4161.0,2022-05-22
876,2,330.0,2022-05-22
879,2,16326.0,2022-05-22
882,2,18000.0,2022-05-22
891,2,6159.5,2022-05-22
896,2,600000.0,2022-05-22
907,2,730000.0,2022-05-22
909,2,1021581.0,2022-05-22
920,2,290000.0,2022-05-22
936,2,135000.0,2022-05-22
941,2,2592.0,2022-05-22
942,2,6000.0,2022-05-22
977,2,12000.0,2022-05-22
988,2,9000.0,2022-05-22
989,2,24000.0,2022-05-22
990,2,6000.0,2022-05-22
991,2,113005.0,2022-05-22
998,2,219.0,2022-05-22
1002,2,820.8,2022-05-22
1006,2,15552.0,2022-05-22
1008,2,722.0,2022-05-22
1010,2,36288.0,2022-05-22
1012,2,47692.8,2022-05-22
1015,2,205000.0,2022-05-22
1024,2,47692.8,2022-05-22
1027,2,84000.0,2022-05-22
1036,2,4000.0,2022-05-22
1037,2,8000.0,2022-05-22
1053,2,442489.5,2022-05-22
1055,2,36000.0,2022-05-22
1064,2,1000.0,2022-05-22
1065,2,12771.9,2022-05-22
1066,2,18600.0,2022-05-22
1076,2,3144.0,2022-05-22
1100,2,700.0,2022-05-22
1171,2,234000.0,2022-05-22
1193,2,417345.3,2022-05-22
1201,2,60000.0,2022-05-22
1203,2,394863.0,2022-05-22
1257,2,394862.0,2022-05-22
1260,2,120000.0,2022-05-22
68,2,69228.0,2022-05-22
89,2,20772.0,2022-05-22
94,2,48000.0,2022-05-22
161,2,360000.0,2022-05-22
190,2,48000.0,2022-05-22
415,2,200000.0,2022-05-22
456,2,162000.0,2022-05-22
477,2,227177.0,2022-05-22
479,2,5168580.0,2022-05-22
481,2,3420660.0,2022-05-22
484,2,18950.0,2022-05-22
489,2,48000.0,2022-05-22
493,2,942.0,2022-05-22
494,2,942.0,2022-05-22
496,2,1090.0,2022-05-22
499,2,1825.0,2022-05-22
500,2,2805.0,2022-05-22
510,2,1825.0,2022-05-22
512,2,1825.0,2022-05-22
513,2,1825.0,2022-05-22
529,2,1825.0,2022-05-22
531,2,12000.0,2022-05-22
532,2,548.0,2022-05-22
533,2,600000.0,2022-05-22
535,2,600000.0,2022-05-22
538,2,300000.0,2022-05-22
562,2,1825.0,2022-05-22
579,2,6000.0,2022-05-22
707,2,447000.0,2022-05-22
771,2,30000.0,2022-05-22
808,2,301000.0,2022-05-22
813,2,240000.0,2022-05-22
815,2,36000.0,2022-05-22
817,2,800.0,2022-05-22
818,2,240000.0,2022-05-22
888,2,240000.0,2022-05-22
897,2,480000.0,2022-05-22
901,2,720000.0,2022-05-22
952,2,907200.0,2022-05-22
1482,2,252000.0,2022-05-22
1711,2,360000.0,2022-05-22
2278,2,501120.0,2022-05-22
2279,2,3482.1,2022-05-22
2280,2,568854.0,2022-05-22
2281,2,250000.0,2022-05-22
2282,2,255967.0,2022-05-22
2283,2,15552.0,2022-05-22
2284,2,116640.0,2022-05-22
2285,2,381600.0,2022-05-22
2286,2,4769.28,2022-05-22
2287,2,100847.39,2022-05-22
2288,2,33615.8,2022-05-22
2289,2,25211.85,2022-05-22
2498,2,60000.0,2022-05-22
2499,2,186624.0,2022-05-22
2500,2,12000.0,2022-05-22
2501,2,7300.0,2022-05-22
2502,2,14737.0,2022-05-22
2503,2,36000.0,2022-05-22
2504,2,20737.0,2022-05-22
2505,2,3000.0,2022-05-22
2506,2,390000.0,2022-05-22
2507,2,60000.0,2022-05-22
2508,2,24000.0,2022-05-22
2509,2,18000.0,2022-05-22
2510,2,15000.0,2022-05-22
2511,2,2000.0,2022-05-22
2512,2,9000.0,2022-05-22
2513,3,31104.0,2022-05-22
2514,3,61747.0,2022-05-22
2515,3,18403.0,2022-05-22
2516,3,64000.0,2022-05-22
2517,3,127526.0,2022-05-22
2518,3,20000.0,2022-05-22
2519,3,27604.0,2022-05-22
2520,3,4000.0,2022-05-22
2521,3,10000.0,2022-05-22
2522,3,40227.3,2022-05-22
2523,3,33408.0,2022-05-22
2524,3,60000.0,2022-05-22
9753,3,60000.0,2022-05-22
9754,3,100000.0,2022-05-22
9755,3,15000.0,2022-05-22
9756,3,183859.0,2022-05-22
9757,3,183859.0,2022-05-22
9758,3,183859.0,2022-05-22
9759,3,42120.0,2022-05-22
9760,3,19500.0,2022-05-22
9761,3,192153.0,2022-05-22
9762,3,20500.0,2022-05-22
9763,3,200000.0,2022-05-22
9764,3,20000.0,2022-05-22
9765,3,66000.0,2022-05-22
9766,3,87000.0,2022-05-22
9767,3,6000.0,2022-05-22
9768,3,7884.0,2022-05-22
9769,3,20500.0,2022-05-22
9770,3,48384.0,2022-05-22
9771,3,45432.0,2022-05-22
9772,3,6022.0,2022-05-22
11,3,150000.0,2022-05-22
14,3,216000.0,2022-05-22
15,3,149532480.0,2022-05-22
17,3,501120.0,2022-05-22
21,3,47463776.0,2022-05-22
22,3,600000.0,2022-05-22
49,3,1245000.0,2022-05-22
50,3,120000.0,2022-05-22
53,3,950400.0,2022-05-22
59,3,255000.0,2022-05-22
64,3,285768.0,2022-05-22
93,3,124416.0,2022-05-22
110,3,14400.0,2022-05-22
126,3,21000.0,2022-05-22
128,3,15000.0,2022-05-22
129,3,574.87,2022-05-22
131,3,880000.0,2022-05-22
136,3,1110.0,2022-05-22
144,3,13746.37,2022-05-22
301,3,47250.0,2022-05-22
332,3,328.5,2022-05-22
394,3,2862000.0,2022-05-22
395,3,880000.0,2022-05-22
401,3,30000.0,2022-05-22
403,3,9072.0,2022-05-22
424,3,40500.0,2022-05-22
430,3,25920.0,2022-05-22
455,3,30000.0,2022-05-22
457,3,933120.0,2022-05-22
463,3,748943.2,2022-05-22
464,3,1161216.0,2022-05-22
468,3,2592.0,2022-05-22
478,3,3456.0,2022-05-22
482,3,141055000.0,2022-05-22
483,3,1741824.0,2022-05-22
485,3,40320.0,2022-05-22
486,3,1947888.0,2022-05-22
488,3,1995.84,2022-05-22
516,3,2237.76,2022-05-22
548,3,6520.5,2022-05-22
557,3,835920.0,2022-05-22
558,3,388800.0,2022-05-22
585,3,2997.0,2022-05-22
589,3,66149.84,2022-05-22
591,3,24883.2,2022-05-22
592,3,1103.1,2022-05-22
595,3,16000.0,2022-05-22
596,3,640000.0,2022-05-22
597,3,4147.0,2022-05-22
603,3,610000.0,2022-05-22
607,3,204000.0,2022-05-22
618,3,300000.0,2022-05-22
619,3,360000.0,2022-05-22
620,3,364736.0,2022-05-22
621,3,3560000.0,2022-05-22
629,3,180000.0,2022-05-22
630,3,60000.0,2022-05-22
631,3,480000.0,2022-05-22
632,3,500000.0,2022-05-22
635,3,120000.0,2022-05-22
640,3,36000.0,2022-05-22
647,3,20000.0,2022-05-22
648,3,20000.0,2022-05-22
650,3,18000.0,2022-05-22
651,3,250000.0,2022-05-22
652,3,176000.0,2022-05-22
659,3,48000.0,2022-05-22
661,3,150000.0,2022-05-22
662,3,42000.0,2022-05-22
663,3,240000.0,2022-05-22
667,3,1800.0,2022-05-22
668,3,300000.0,2022-05-22
670,3,10000.0,2022-05-22
672,3,194400.0,2022-05-22
673,3,60000.0,2022-05-22
674,3,20000.0,2022-05-22
681,3,120000.0,2022-05-22
686,3,15600.0,2022-05-22
687,3,74109.0,2022-05-22
694,3,555050.0,2022-05-22
730,3,113760.0,2022-05-22
762,3,19422.0,2022-05-22
765,3,80000.0,2022-05-22
775,3,80000.0,2022-05-22
776,3,51500.0,2022-05-22
786,3,896000.0,2022-05-22
789,3,44000.0,2022-05-22
797,3,250000.0,2022-05-22
800,3,120000.0,2022-05-22
806,3,12000.0,2022-05-22
807,3,1602500.0,2022-05-22
810,3,1602500.0,2022-05-22
811,3,1792000.0,2022-05-22
816,3,4525500.0,2022-05-22
822,3,4828500.0,2022-05-22
847,3,246000.0,2022-05-22
851,3,30000.0,2022-05-22
852,3,39000.0,2022-05-22
854,3,12300.0,2022-05-22
855,3,12000.0,2022-05-22
43172,3,3000.0,2022-05-22
43173,3,1236000.0,2022-05-22
43174,3,1330000.0,2022-05-22
43176,3,570000.0,2022-05-22
43177,3,109500.0,2022-05-22
43178,3,30000.0,2022-05-22
43179,3,3122064000.0,2022-05-22
43180,3,22448.0,2022-05-22
43181,3,18000.0,2022-05-22
43182,3,21168.0,2022-05-22
43183,3,169344.0,2022-05-22
43184,3,9360.0,2022-05-22
43185,3,45965.0,2022-05-22
43186,3,66225600.0,2022-05-22
43187,3,571920.0,2022-05-22
43188,3,1925.28,2022-05-22
43189,3,143015.76,2022-05-22
43190,3,15937.2,2022-05-22
43191,3,223200.0,2022-05-22
43192,3,4704.0,2022-05-22
43193,3,1449.36,2022-05-22
136504,3,315360.0,2022-05-22
136505,3,3821.4,2022-05-22
16,3,24525.0,2022-05-22
67,3,94694.0,2022-05-22
118,3,66000.0,2022-05-22
135,3,127720.0,2022-05-22
143,3,25825.0,2022-05-22
145,3,60000.0,2022-05-22
151,3,87531.0,2022-05-22
154,3,45000.0,2022-05-22
155,3,48000.0,2022-05-22
157,3,150000.0,2022-05-22
179,3,42730.0,2022-05-22
186,3,54000.0,2022-05-22
187,3,54000.0,2022-05-22
192,3,96000.0,2022-05-22
296,3,9000.0,2022-05-22
298,3,132000.0,2022-05-22
299,3,54000.0,2022-05-22
300,3,54000.0,2022-05-22
303,3,27000.0,2022-05-22
305,3,7873.2,2022-05-22
306,3,6635.7,2022-05-22
308,3,18000.0,2022-05-22
331,3,113400.0,2022-05-22
334,3,220752.0,2022-05-22
335,3,1660954.0,2022-05-22
336,3,6275664.0,2022-05-22
337,3,946080.0,2022-05-22
339,3,511488.0,2022-05-22
342,3,918563.0,2022-05-22
343,3,9123840.0,2022-05-22
344,3,416612.0,2022-05-22
345,3,630720.0,2022-05-22
349,3,2011392.0,2022-05-22
351,3,192000.0,2022-05-22
353,3,72000.0,2022-05-22
356,3,384000.0,2022-05-22
364,3,33648912.0,2022-05-22
382,3,180000.0,2022-05-22
384,3,279936.0,2022-05-22
385,3,279936.0,2022-05-22
386,3,72000.0,2022-05-22
387,3,93312.0,2022-05-22
388,3,1135226.0,2022-05-22
402,3,165888.0,2022-05-22
1046,3,27000.0,2022-05-22
1047,3,207360.0,2022-05-22
1048,3,60134.0,2022-05-22
1049,3,6048.0,2022-05-22
1050,3,41472.0,2022-05-22
1051,3,60480.0,2022-05-22
1057,3,41908.23,2022-05-22
1058,3,60480.0,2022-05-22
1059,3,12096.0,2022-05-22
1060,3,30000.0,2022-05-22
1061,3,324001.0,2022-05-22
1062,3,544000.0,2022-05-22
1381,3,2190.0,2022-05-22
1856,3,4080176.0,2022-05-22
1857,3,21000.0,2022-05-22
1858,3,50000.0,2022-05-22
1859,3,100000.0,2022-05-22
1860,3,50000.0,2022-05-22
1861,3,420000.0,2022-05-22
1862,3,381542.4,2022-05-22
1863,3,699840.0,2022-05-22
1864,3,6750.0,2022-05-22
1865,3,500000.0,2022-05-22
1866,3,400000.0,2022-05-22
1867,3,600000.0,2022-05-22
1868,3,370000.0,2022-05-22
1869,3,200000.0,2022-05-22
1870,3,150000.0,2022-05-22
1871,3,4099680.0,2022-05-22
1872,3,1014000.0,2022-05-22
1873,3,262566.0,2022-05-22
2015,3,31276666.0,2022-05-22
2016,3,16600833.0,2022-05-22
2017,3,1100000.0,2022-05-22
2018,3,50000.0,2022-05-22
2019,3,290500.0,2022-05-22
2020,3,37816.0,2022-05-22
2021,3,160000.0,2022-05-22
2022,3,300000.0,2022-05-22
2023,3,207360.0,2022-05-22
2024,3,4500.0,2022-05-22
2025,3,746430.0,2022-05-22
2026,3,342210.0,2022-05-22
2027,3,30000.0,2022-05-22
2028,3,2867.4,2022-05-22
2029,3,15552.0,2022-05-22
2030,3,2585.52,2022-05-22
2031,3,52876.8,2022-05-22
2032,3,2700.0,2022-05-22
2033,3,10368.0,2022-05-22
2034,3,48600.0,2022-05-22
2035,3,9216.0,2022-05-22
2305,3,4147.2,2022-05-22
2605,3,8400.0,2022-05-22
2606,3,6750.0,2022-05-22
2607,3,24000.0,2022-05-22
78,3,12000.0,2022-05-22
86,3,918.0,2022-05-22
111,3,189920.0,2022-05-22
112,3,2700.0,2022-05-22
132,3,8100.0,2022-05-22
133,3,505400.0,2022-05-22
134,3,2073.6,2022-05-22
244,3,18000.0,2022-05-22
310,3,1500.0,2022-05-22
311,3,45625.0,2022-05-22
312,3,6000.0,2022-05-22
313,3,16416.0,2022-05-22
314,3,43500.0,2022-05-22
814,3,15000.0,2022-05-22
1352,3,78000.0,2022-05-22
1368,3,4800.0,2022-05-22
1369,3,121500.0,2022-05-22
1370,3,334500.0,2022-05-22
1371,3,75000.0,2022-05-22
1372,3,1296.0,2022-05-22
1373,3,310000.0,2022-05-22
1374,3,27500.0,2022-05-22
1749,3,20000.0,2022-05-22
2053,3,35000.0,2022-05-22
2054,3,22500.0,2022-05-22
2055,3,55000.0,2022-05-22
2056,3,30000.0,2022-05-22
2718,3,10000.0,2022-05-22
2719,3,10000.0,2022-05-22
2720,3,47500.0,2022-05-22
2721,3,30000.0,2022-05-22
2722,3,307500.0,2022-05-22
2723,3,12500.0,2022-05-22
2724,3,125000.0,2022-05-22
2725,3,52500.0,2022-05-22
2726,3,162500.0,2022-05-22
2727,3,40000.0,2022-05-22
2728,3,20000.0,2022-05-22
2729,3,50000.0,2022-05-22
2730,3,17500.0,2022-05-22
2731,3,1000.0,2022-05-22
2732,3,4320.0,2022-05-22
2733,3,83020.0,2022-05-22
2734,3,5000.0,2022-05-22
2735,3,1500.0,2022-05-22
2736,3,11037600.0,2022-05-22
2737,3,5487264.0,2022-05-22
2738,3,6912.0,2022-05-22
2739,3,429000.0,2022-05-22
2740,3,302300.0,2022-05-22
2741,3,271252.8,2022-05-22
2742,3,296939.0,2022-05-22
2743,3,2535624.0,2022-05-22
2744,3,43140.0,2022-05-22
2745,3,48000.0,2022-05-22
2746,3,25173612.0,2022-05-22
2747,3,719400.0,2022-05-22
2748,3,108549.75,2022-05-22
2749,3,1451520.0,2022-05-22
4443,3,207360.0,2022-05-22
48925,3,340554.0,2022-05-22
48926,3,257195.0,2022-05-22
48927,3,1488825.0,2022-05-22
48928,3,556140.0,2022-05-22
48929,3,4730400.0,2022-05-22
48930,3,2079968.0,2022-05-22
48931,3,803868.0,2022-05-22
48932,3,864393.0,2022-05-22
48933,3,77400.0,2022-05-22
48934,3,320544.0,2022-05-22
48935,3,566767000.0,2022-05-22
48936,3,127008.0,2022-05-22
48937,3,3445696.0,2022-05-22
48938,3,148781.0,2022-05-22
48939,3,1825.0,2022-05-22
48940,3,13478.4,2022-05-22
48941,3,733500.0,2022-05-22
48942,3,579744.0,2022-05-22
48943,3,408000.0,2022-05-22
48944,3,725760.0,2022-05-22
48945,3,25672992.0,2022-05-22
48946,3,12000.0,2022-05-22
48947,3,1285714.0,2022-05-22
48948,3,36000.0,2022-05-22
48949,3,991181.0,2022-05-22
48950,3,968500.0,2022-05-22
48951,3,1555200.0,2022-05-22
48952,3,1595721.6,2022-05-22
48953,3,4730400.0,2022-05-22
48954,3,3279744.0,2022-05-22
48955,3,28000.0,2022-05-22
48956,3,2268.0,2022-05-22
48957,3,66355.0,2022-05-22
48958,3,3780.0,2022-05-22
48959,3,173430.0,2022-05-22
48960,3,160000.0,2022-05-22
48961,3,187074.0,2022-05-22
48962,3,671200.0,2022-05-22
48963,3,60000.0,2022-05-22
48964,3,600000.0,2022-05-22
418,3,126000.0,2022-05-22
511,3,240000.0,2022-05-22
528,3,460654.0,2022-05-22
1148,3,647000.0,2022-05-22
1189,3,557568.0,2022-05-22
1883,3,240000.0,2022-05-22
2682,3,55296.0,2022-05-22
2683,3,53200.0,2022-05-22
2684,3,600000.0,2022-05-22
2685,3,2816500.0,2022-05-22
2686,3,180000.0,2022-05-22
2687,3,570000.0,2022-05-22
2688,3,6000.0,2022-05-22
2689,3,765000.0,2022-05-22
2690,3,790225.0,2022-05-22
2691,3,5184.0,2022-05-22
2692,3,303102.0,2022-05-22
2693,3,600000.0,2022-05-22
2694,3,300000.0,2022-05-22
2695,3,1500.0,2022-05-22
2696,3,259200.0,2022-05-22
2697,3,90000.0,2022-05-22
2698,3,270000.0,2022-05-22
2699,3,80000.0,2022-05-22
2700,3,66355.0,2022-05-22
2701,3,55296.0,2022-05-22
2702,3,130637.0,2022-05-22
2703,3,90000.0,2022-05-22
2704,3,157200.0,2022-05-22
2705,3,126000.0,2022-05-22
2706,3,363650.0,2022-05-22
2707,3,564000.0,2022-05-22
2708,3,150000.0,2022-05-22
2709,3,480000.0,2022-05-22
2710,3,324090.0,2022-05-22
2711,3,120000.0,2022-05-22
2712,3,1000.0,2022-05-22
2713,3,270000.0,2022-05-22
2714,3,30000.0,2022-05-22
2715,3,570000.0,2022-05-22
2716,3,10000.0,2022-05-22
2717,3,120000.0,2022-05-22
2750,3,25920.0,2022-05-22
2751,3,60000.0,2022-05-22
4372,3,600000.0,2022-05-22
4373,3,80000.0,2022-05-22
4374,3,594000.0,2022-05-22
4375,3,42000.0,2022-05-22
4376,3,6000.0,2022-05-22
4377,3,40000.0,2022-05-22
4378,3,58125.0,2022-05-22
4379,3,426000.0,2022-05-22
4380,3,136500.0,2022-05-22
4381,3,3000.0,2022-05-22
4439,3,15000.0,2022-05-22
4440,3,210000.0,2022-05-22
4441,3,1186370.0,2022-05-22
4442,3,554740.0,2022-05-22
50310,3,996000.0,2022-05-22
50311,3,280000.0,2022-05-22
50312,3,242279.5,2022-05-22
50313,3,310800.0,2022-05-22
50314,3,1000000.0,2022-05-22
50315,3,402783.0,2022-05-22
50316,3,420213.0,2022-05-22
50317,3,483845.0,2022-05-22
50318,3,455668.0,2022-05-22
50319,3,725484.0,2022-05-22
50320,3,830262.66,2022-05-22
50321,3,443793.0,2022-05-22
50322,3,350784.0,2022-05-22
50323,3,544320.0,2022-05-22
50324,3,670000.0,2022-05-22
50325,3,6000.0,2022-05-22
50326,3,2766625.0,2022-05-22
50327,3,168480.0,2022-05-22
50328,3,24080.0,2022-05-22
50329,3,472000.0,2022-05-22
50330,3,42609.0,2022-05-22
50331,3,47880.0,2022-05-22
50332,3,32256.0,2022-05-22
50333,3,69480.0,2022-05-22
50334,3,274.0,2022-05-22
50335,3,12000.0,2022-05-22
50336,3,66000.0,2022-05-22
50337,3,123650.0,2022-05-22
50338,3,63425.0,2022-05-22
50339,3,10140.0,2022-05-22
50340,3,265000.0,2022-05-22
50341,3,200000.0,2022-05-22
50342,3,12000.0,2022-05-22
50343,3,933120.0,2022-05-22
50344,3,367500.0,2022-05-22
50345,3,1248000.0,2022-05-22
50346,3,497664.0,2022-05-22
50347,3,388800.0,2022-05-22
50348,3,245073.0,2022-05-22
50349,3,2957.0,2022-05-22
50350,3,72000.0,2022-05-22
50351,3,18000.0,2022-05-22
69,3,540000.0,2022-05-22
105,3,50000.0,2022-05-22
106,3,10000.0,2022-05-22
113,3,360000.0,2022-05-22
117,3,600000.0,2022-05-22
146,3,281232.0,2022-05-22
147,3,154000.0,2022-05-22
150,3,399313.0,2022-05-22
153,3,244687.0,2022-05-22
158,3,704562.0,2022-05-22
159,3,493650.0,2022-05-22
160,3,678695.0,2022-05-22
165,3,333600.0,2022-05-22
166,3,72000.0,2022-05-22
167,3,138000.0,2022-05-22
168,3,138000.0,2022-05-22
169,3,96460.0,2022-05-22
170,3,681912.0,2022-05-22
171,3,329000.0,2022-05-22
172,3,910000.0,2022-05-22
173,3,30000.0,2022-05-22
174,3,1305000.0,2022-05-22
315,3,196000.0,2022-05-22
316,3,198633.0,2022-05-22
390,3,1340000.0,2022-05-22
552,3,60000.0,2022-05-22
653,3,480000.0,2022-05-22
699,3,82944.0,2022-05-22
700,3,64000.0,2022-05-22
702,3,64000.0,2022-05-22
705,3,64000.0,2022-05-22
706,3,64000.0,2022-05-22
708,3,64000.0,2022-05-22
710,3,84000.0,2022-05-22
711,3,833000.0,2022-05-22
712,3,144000.0,2022-05-22
713,3,34560.0,2022-05-22
715,3,600000.0,2022-05-22
716,3,351825.0,2022-05-22
717,3,70000.0,2022-05-22
718,3,140000.0,2022-05-22
719,3,18000.0,2022-05-22
720,3,16000.0,2022-05-22
721,3,286856.1,2022-05-22
726,3,497664.0,2022-05-22
727,3,89948.4,2022-05-22
728,3,300000.0,2022-05-22
729,3,990000.0,2022-05-22
731,3,990000.0,2022-05-22
734,3,172800.0,2022-05-22
735,3,840000.0,2022-05-22
738,3,140000.0,2022-05-22
739,3,0.0,2022-05-22
743,3,360000.0,2022-05-22
744,3,14371000.0,2022-05-22
745,3,18225000.0,2022-05-22
746,3,76653.0,2022-05-22
748,3,262500.0,2022-05-22
751,3,50000.0,2022-05-22
759,3,567000.0,2022-05-22
760,3,2247000.0,2022-05-22
761,3,2205900.0,2022-05-22
766,3,2654208.0,2022-05-22
767,3,760840.0,2022-05-22
768,3,511600.0,2022-05-22
769,3,263471.0,2022-05-22
770,3,80040.0,2022-05-22
780,3,82944.0,2022-05-22
782,3,77760.0,2022-05-22
784,3,400000.0,2022-05-22
827,3,166860.0,2022-05-22
828,3,950328.0,2022-05-22
829,3,420000.0,2022-05-22
830,3,47680.0,2022-05-22
831,3,307800.0,2022-05-22
832,3,304560.0,2022-05-22
834,3,792000.0,2022-05-22
835,3,116640.0,2022-05-22
836,3,24948.0,2022-05-22
837,3,20372256.0,2022-05-22
838,3,92905056.0,2022-05-22
839,3,120960.0,2022-05-22
840,3,980000.0,2022-05-22
841,3,988603.0,2022-05-22
842,3,18014.0,2022-05-22
843,3,688066.0,2022-05-22
844,3,219.0,2022-05-22
845,3,311040.0,2022-05-22
857,3,12600.0,2022-05-22
858,3,178848.0,2022-05-22
859,3,46656.0,2022-05-22
860,3,248832.0,2022-05-22
861,3,68700.0,2022-05-22
862,3,194400.0,2022-05-22
863,3,98550.0,2022-05-22
864,3,81648.0,2022-05-22
870,3,359424.0,2022-05-22
877,3,2160.0,2022-05-22
878,3,127672.2,2022-05-22
880,3,25920.0,2022-05-22
39,3,55296.0,2022-05-22
42,3,50000.0,2022-05-22
44,3,255441.6,2022-05-22
45,3,446135.85,2022-05-22
46,3,306323.0,2022-05-22
54,3,288000.0,2022-05-22
77,3,923742.0,2022-05-22
80,3,48384.0,2022-05-22
81,3,414720.0,2022-05-22
82,3,1814400.0,2022-05-22
99,3,1182600.0,2022-05-22
116,3,949450.0,2022-05-22
221,3,950328.0,2022-05-22
232,3,500000.0,2022-05-22
328,3,100000.0,2022-05-22
333,3,1000000.0,2022-05-22
363,3,300000.0,2022-05-22
393,3,750000.0,2022-05-22
434,3,600000.0,2022-05-22
437,3,950328.0,2022-05-22
459,3,950328.0,2022-05-22
460,3,950.33,2022-05-22
465,3,950328.0,2022-05-22
467,3,950328.0,2022-05-22
474,3,262800.0,2022-05-22
475,3,262800.0,2022-05-22
476,3,262800.0,2022-05-22
492,3,810000.0,2022-05-22
541,3,420000.0,2022-05-22
542,3,273000.0,2022-05-22
563,3,640186.0,2022-05-22
565,3,96000.0,2022-05-22
582,3,18000.0,2022-05-22
583,3,24365.0,2022-05-22
584,3,3000.0,2022-05-22
587,3,11398.0,2022-05-22
588,3,40000.0,2022-05-22
613,3,60000.0,2022-05-22
624,3,18000.0,2022-05-22
625,3,906000.0,2022-05-22
626,3,6000.0,2022-05-22
627,4,30000.0,2022-05-22
628,4,4300000.0,2022-05-22
639,5,20048.0,2022-05-22
683,5,185000.0,2022-05-22
722,5,300000.0,2022-05-22
723,5,30482.0,2022-05-22
724,5,7263.0,2022-05-22
750,5,4000.0,2022-05-22
793,5,4000.0,2022-05-22
809,5,4800.0,2022-05-22
971,5,1500000.0,2022-05-22
978,5,121316.0,2022-05-22
982,5,4500.0,2022-05-22
983,5,450000.0,2022-05-22
987,5,450000.0,2022-05-22
1007,5,450000.0,2022-05-22
1017,5,450000.0,2022-05-22
1018,5,331776.0,2022-05-22
1019,5,450000.0,2022-05-22
1020,5,6213760.0,2022-05-22
1032,5,482737.5,2022-05-22
1033,6,3800000.0,2022-05-22
1034,6,15000.0,2022-05-22
1035,6,50000.0,2022-05-22
1063,6,18000.0,2022-05-22
1077,6,3000.0,2022-05-22
1123,6,3000.0,2022-05-22
1124,6,0.0,2022-05-22
1125,6,9000.0,2022-05-22
1145,6,564000.0,2022-05-22
1219,6,2100000.0,2022-05-22
1221,6,730.0,2022-05-22
1222,6,821.25,2022-05-22
1230,6,730.0,2022-05-22
1231,6,4265.95,2022-05-22
1243,6,362.93,2022-05-22
1247,6,1000.0,2022-05-22
1255,6,40643.0,2022-05-22
1256,6,18250.0,2022-05-22
1271,6,377207.0,2022-05-22
1272,6,12936.0,2022-05-22
1273,6,5417.0,2022-05-22
1281,6,5416.0,2022-05-22
1282,6,7840.0,2022-05-22
1290,6,174000.0,2022-05-22
1297,6,540000.0,2022-05-22
1298,6,0.0,2022-05-22
1318,6,11619.9,2022-05-22
1320,6,3937500.0,2022-05-22
1321,6,198925.0,2022-05-22
1331,6,250000.0,2022-05-22
1358,6,2336.0,2022-05-22
1408,6,912.0,2022-05-22
1451,6,276000.0,2022-05-22
1488,6,132000.0,2022-05-22
1496,7,3942.0,2022-05-22
1526,8,1700.0,2022-05-22
1545,8,1100.0,2022-05-22
1563,8,1825.0,2022-05-22
19,8,4000.0,2022-05-22
43,8,456.0,2022-05-22
51,8,456.0,2022-05-22
63,8,365.0,2022-05-22
90,8,185.0,2022-05-22
124,8,185.0,2022-05-22
156,8,365.0,2022-05-22
200,8,640.0,2022-05-22
201,8,640.0,2022-05-22
429,8,456.0,2022-05-22
641,8,730.0,2022-05-22
660,8,730.0,2022-05-22
1004,8,185.0,2022-05-22
1300,8,182.5,2022-05-22
1599,8,550.0,2022-05-22
1807,8,182.5,2022-05-22
1942,8,565.0,2022-05-22
1943,8,565.0,2022-05-22
1944,8,1386.0,2022-05-22
1945,8,1386.0,2022-05-22
1946,8,182.5,2022-05-22
1947,8,8347.5,2022-05-22
1948,8,163.8,2022-05-22
1949,8,3699.0,2022-05-22
1950,8,211.5,2022-05-22
2141,8,1475.0,2022-05-22
2142,8,13060.0,2022-05-22
2143,8,1570.0,2022-05-22
2144,8,6750.0,2022-05-22
2302,8,12410.0,2022-05-22
3591,8,119.0,2022-05-22
3592,8,12900.0,2022-05-22
3593,8,1089.0,2022-05-22
3594,8,1150.0,2022-05-22
3595,8,163.8,2022-05-22
3596,8,328.5,2022-05-22
3597,8,328.5,2022-05-22
3598,8,328.5,2022-05-22
3599,8,328.5,2022-05-22
3600,8,1377.0,2022-05-22
3601,8,193.5,2022-05-22
3602,8,40500.0,2022-05-22
3603,8,735.0,2022-05-22
3604,8,26200.0,2022-05-22
3605,8,545.0,2022-05-22
3606,8,330.0,2022-05-22
3607,8,750.0,2022-05-22
3608,8,365.0,2022-05-22
3609,8,730.0,2022-05-22
3610,8,730.0,2022-05-22
3611,8,730.0,2022-05-22
3612,8,600.0,2022-05-22
3613,8,730.0,2022-05-22
3614,8,365.0,2022-05-22
3615,8,163.8,2022-05-22
3616,8,110.0,2022-05-22
3617,8,495.0,2022-05-22
3618,8,420000.0,2022-05-22
3619,8,6440.0,2022-05-22
3620,8,60000.0,2022-05-22
3621,8,2735.0,2022-05-22
3622,8,1370.0,2022-05-22
3623,8,3055.0,2022-05-22
3624,8,1178.0,2022-05-22
3625,8,989.0,2022-05-22
3626,8,275.0,2022-05-22
3627,8,30000.0,2022-05-22
3628,8,32000.0,2022-05-22
3629,8,53646.73,2022-05-22
3630,8,27600.0,2022-05-22
3631,8,6200.0,2022-05-22
3632,8,13100.0,2022-05-22
3633,8,3000.0,2022-05-22
3634,8,21500.0,2022-05-22
3635,8,8750.0,2022-05-22
3636,8,1150.0,2022-05-22
3637,8,1200.0,2022-05-22
3638,8,2050.0,2022-05-22
3639,8,1250.0,2022-05-22
3640,8,3000.0,2022-05-22
3641,8,3000.0,2022-05-22
3642,8,2300.0,2022-05-22
3643,8,1150.0,2022-05-22
3644,8,400.0,2022-05-22
3645,8,1973.0,2022-05-22
3646,8,72200.0,2022-05-22
3647,8,3000.0,2022-05-22
3648,8,3000.0,2022-05-22
3649,8,3000.0,2022-05-22
3650,8,2000.0,2022-05-22
3651,8,2000.0,2022-05-22
3652,8,1500.0,2022-05-22
3653,8,5195.0,2022-05-22
3654,8,4000.0,2022-05-22
3655,8,33700.0,2022-05-22
3656,8,570.0,2022-05-22
3657,8,2740.0,2022-05-22
3658,8,2141.0,2022-05-22
3659,8,1040.0,2022-05-22
3660,8,4150.0,2022-05-22
9,8,960.0,2022-05-22
120,8,1550.0,2022-05-22
138,8,585.0,2022-05-22
142,8,2890.0,2022-05-22
326,8,2000.0,2022-05-22
360,8,3740.0,2022-05-22
368,8,900.0,2022-05-22
406,8,3000.0,2022-05-22
408,8,3000.0,2022-05-22
420,8,3000.0,2022-05-22
428,8,16000.0,2022-05-22
435,8,63000.0,2022-05-22
436,8,63000.0,2022-05-22
495,8,473040.0,2022-05-22
497,8,2038480.0,2022-05-22
498,8,1776600.0,2022-05-22
506,8,1971.0,2022-05-22
507,8,1210.0,2022-05-22
518,8,1425.0,2022-05-22
519,8,3340.0,2022-05-22
520,8,1100.0,2022-05-22
521,8,1100.0,2022-05-22
522,8,45000.0,2022-05-22
523,8,1825.0,2022-05-22
524,8,574.87,2022-05-22
525,8,246.6,2022-05-22
526,8,820.8,2022-05-22
534,8,925.0,2022-05-22
539,8,164.25,2022-05-22
543,8,164.25,2022-05-22
544,8,900.0,2022-05-22
545,8,246.37,2022-05-22
551,8,40500.0,2022-05-22
553,8,2000.0,2022-05-22
555,8,730.0,2022-05-22
560,8,821.25,2022-05-22
567,8,328.5,2022-05-22
572,8,3521.25,2022-05-22
576,8,7290.0,2022-05-22
590,8,5616.0,2022-05-22
601,8,5616.0,2022-05-22
605,8,730.0,2022-05-22
606,8,328.5,2022-05-22
612,8,246.37,2022-05-22
615,8,821.0,2022-05-22
616,8,1950.0,2022-05-22
617,8,328.5,2022-05-22
622,8,6387.5,2022-05-22
623,8,328.5,2022-05-22
638,8,13500.0,2022-05-22
645,8,14748.3,2022-05-22
657,8,360.0,2022-05-22
658,8,657.0,2022-05-22
675,8,246.38,2022-05-22
676,8,328.5,2022-05-22
677,8,199.8,2022-05-22
678,8,328.5,2022-05-22
680,8,5000.0,2022-05-22
682,8,3112.5,2022-05-22
688,8,8112.5,2022-05-22
701,8,45182.5,2022-05-22
709,8,337500.0,2022-05-22
737,8,328.5,2022-05-22
740,8,278.0,2022-05-22
741,8,72576.0,2022-05-22
753,8,15768.0,2022-05-22
756,8,328.5,2022-05-22
763,8,48000.0,2022-05-22
764,8,492.75,2022-05-22
773,8,15137.28,2022-05-22
777,8,49826.88,2022-05-22
778,8,16398.72,2022-05-22
779,8,37527.84,2022-05-22
783,8,27120.96,2022-05-22
785,8,23336.64,2022-05-22
790,8,43519.68,2022-05-22
794,8,25307.64,2022-05-22
795,8,38473.92,2022-05-22
796,8,37212.48,2022-05-22
798,8,9776.16,2022-05-22
801,8,20813.76,2022-05-22
802,8,9460.8,2022-05-22
803,8,15768.0,2022-05-22
819,8,16819.2,2022-05-22
820,8,44150.4,2022-05-22
833,8,17975.52,2022-05-22
866,8,5045.76,2022-05-22
867,8,31930.2,2022-05-22
868,8,23021.28,2022-05-22
869,8,57710.88,2022-05-22
886,8,33428.16,2022-05-22
890,8,27751.68,2022-05-22
892,8,23021.28,2022-05-22
893,8,8199.36,2022-05-22
899,8,173132.64,2022-05-22
900,8,281301.12,2022-05-22
902,8,51840.0,2022-05-22
904,8,62208.0,2022-05-22
905,8,84096.0,2022-05-22
910,8,128982.24,2022-05-22
1218,8,26805.6,2022-05-22
3699,8,22705.92,2022-05-22
3700,8,9776.16,2022-05-22
3701,8,21444.48,2022-05-22
3702,8,35635.68,2022-05-22
3703,8,34342.7,2022-05-22
3704,8,17754.77,2022-05-22
3705,8,17786.3,2022-05-22
3706,8,70325.28,2022-05-22
3707,8,23336.64,2022-05-22
3708,8,24177.6,2022-05-22
3709,8,5676.48,2022-05-22
3710,8,7358.4,2022-05-22
3711,8,6464.88,2022-05-22
3712,8,43200.0,2022-05-22
3713,8,540.0,2022-05-22
3714,8,1000.0,2022-05-22
3715,8,2625.0,2022-05-22
3716,8,20000.0,2022-05-22
3717,8,50000.0,2022-05-22
4469,8,15000.0,2022-05-22
74033,8,4640.0,2022-05-22
74034,8,72000.0,2022-05-22
74035,8,25277.5,2022-05-22
74036,8,1533.0,2022-05-22
74037,8,18000.0,2022-05-22
74038,8,227338.2,2022-05-22
74039,8,4562.5,2022-05-22
74040,8,456.25,2022-05-22
74041,8,2737.5,2022-05-22
74042,8,7604.16,2022-05-22
74043,8,5110.0,2022-05-22
74044,8,136.87,2022-05-22
74045,8,6456.25,2022-05-22
74046,8,912.5,2022-05-22
74047,8,985.5,2022-05-22
74048,8,43800.0,2022-05-22
74049,8,2737.5,2022-05-22
74050,8,2737.5,2022-05-22
74051,8,38306.0,2022-05-22
74052,8,24000.0,2022-05-22
74053,8,24000.0,2022-05-22
74054,8,18250.0,2022-05-22
74055,8,1277.5,2022-05-22
74056,8,1095.0,2022-05-22
74057,8,1149.75,2022-05-22
74058,8,456.25,2022-05-22
74059,8,120000.0,2022-05-22
74060,8,39365.0,2022-05-22
74061,8,2737.5,2022-05-22
74062,8,383.25,2022-05-22
74063,8,365.0,2022-05-22
74064,8,1825.0,2022-05-22
74065,8,456.25,2022-05-22
74066,8,456.25,2022-05-22
74071,8,7300.0,2022-05-22
74072,8,1825.0,2022-05-22
74073,8,2559.56,2022-05-22
74074,8,2559.56,2022-05-22
74075,8,6360.12,2022-05-22
74076,8,659.28,2022-05-22
74077,8,1628.81,2022-05-22
74078,8,6825.5,2022-05-22
74079,8,300000.0,2022-05-22
74080,8,17080.0,2022-05-22
74081,8,23080.0,2022-05-22
74082,8,120000.0,2022-05-22
74083,8,10548.5,2022-05-22
74084,8,23191.18,2022-05-22
74085,8,14582.0,2022-05-22
74086,8,11411.6,2022-05-22
74087,8,49950.25,2022-05-22
74088,8,5817.18,2022-05-22
74089,8,13418.3,2022-05-22
74090,8,7756.0,2022-05-22
74091,8,10858.7,2022-05-22
74092,8,3956.0,2022-05-22
74093,8,40333.0,2022-05-22
74094,8,20787.0,2022-05-22
74095,8,18305.0,2022-05-22
74096,8,14504.0,2022-05-22
74097,8,21097.0,2022-05-22
74098,8,18460.0,2022-05-22
74099,8,7213.0,2022-05-22
74100,8,53207.0,2022-05-22
74101,8,22416.0,2022-05-22
74102,8,22493.8,2022-05-22
74103,8,10781.0,2022-05-22
74104,8,12255.0,2022-05-22
74105,8,17839.0,2022-05-22
74106,8,22571.0,2022-05-22
74107,8,10161.0,2022-05-22
74108,8,28543.0,2022-05-22
74109,8,4344.0,2022-05-22
74110,8,12410.0,2022-05-22
74111,8,12875.0,2022-05-22
74112,8,11091.0,2022-05-22
74113,8,6903.0,2022-05-22
74114,8,10005.0,2022-05-22
74115,8,20941.0,2022-05-22
92,8,6670.0,2022-05-22
104,8,10393.0,2022-05-22
222,8,16443.0,2022-05-22
228,8,15202.0,2022-05-22
233,8,776.0,2022-05-22
240,8,1628.0,2022-05-22
241,8,5507.0,2022-05-22
247,8,4717.4,2022-05-22
248,8,3003.3,2022-05-22
249,8,35982.0,2022-05-22
250,8,5256.0,2022-05-22
255,8,5125.0,2022-05-22
256,8,253.7,2022-05-22
264,8,6000.0,2022-05-22
265,8,48548.0,2022-05-22
266,8,12000.0,2022-05-22
267,8,95.0,2022-05-22
269,8,721.0,2022-05-22
270,8,8398.0,2022-05-22
271,8,15552.0,2022-05-22
272,8,2207520.0,2022-05-22
273,8,12220.0,2022-05-22
274,8,30240.0,2022-05-22
275,8,39245.0,2022-05-22
276,8,315.36,2022-05-22
277,8,2300.0,2022-05-22
278,8,25544.16,2022-05-22
279,8,7446.0,2022-05-22
280,8,12614.4,2022-05-22
281,8,20813.76,2022-05-22
282,8,12235.96,2022-05-22
283,8,3153.6,2022-05-22
284,8,7884.0,2022-05-22
288,8,32166.72,2022-05-22
289,8,75686.4,2022-05-22
290,8,119836.8,2022-05-22
295,8,75686.4,2022-05-22
346,8,40366.08,2022-05-22
480,8,40366.08,2022-05-22
586,8,40050.72,2022-05-22
598,8,40050.72,2022-05-22
599,8,435827.52,2022-05-22
600,8,946.08,2022-05-22
823,8,22705.92,2022-05-22
1248,8,19552.32,2022-05-22
1291,8,144814.0,2022-05-22
1416,8,630.72,2022-05-22
1420,8,20183.0,2022-05-22
1421,8,24598.08,2022-05-22
1423,8,13687.5,2022-05-22
1424,8,18921.6,2022-05-22
1432,8,9460.8,2022-05-22
1433,8,32850.0,2022-05-22
1501,8,66225.6,2022-05-22
1507,8,15768.0,2022-05-22
1508,8,26174.88,2022-05-22
1541,8,6570.0,2022-05-22
1542,8,2207.52,2022-05-22
1555,8,15731.5,2022-05-22
1606,8,9460.8,2022-05-22
1607,8,23871.0,2022-05-22
1657,8,27436.3,2022-05-22
1704,8,10722.24,2022-05-22
1710,8,16430.26,2022-05-22
1720,8,122044.32,2022-05-22
1727,8,33443.0,2022-05-22
1728,8,2207.52,2022-05-22
1729,8,9460.8,2022-05-22
1730,8,4194.0,2022-05-22
1767,8,29643.84,2022-05-22
1779,8,273.75,2022-05-22
2145,8,4730.4,2022-05-22
2146,8,5045.78,2022-05-22
2147,8,630.72,2022-05-22
2148,8,630.72,2022-05-22
2303,8,1955.23,2022-05-22
3718,8,3532.03,2022-05-22
3719,8,11442.75,2022-05-22
3720,8,3285.0,2022-05-22
3721,8,14506.56,2022-05-22
3722,8,1892.16,2022-05-22
3723,8,1576.8,2022-05-22
3724,8,2207.52,2022-05-22
3725,8,630.72,2022-05-22
3726,8,41664.75,2022-05-22
3727,8,1513.73,2022-05-22
3728,8,4730.4,2022-05-22
3729,8,10731.0,2022-05-22
3730,8,10123.05,2022-05-22
3731,8,34202.5,2022-05-22
3732,8,914.0,2022-05-22
3733,8,4415.0,2022-05-22
3734,8,1734.0,2022-05-22
3735,8,14580.0,2022-05-22
3736,8,54000.0,2022-05-22
3737,8,47693.0,2022-05-22
3738,8,60000.0,2022-05-22
3739,8,5176.0,2022-05-22
3740,8,6911.3,2022-05-22
3741,8,24912.0,2022-05-22
0,8,9913.0,2022-05-22
2,8,9913.0,2022-05-22
3,8,6570.0,2022-05-22
37,8,18000.0,2022-05-22
130,8,18000.0,2022-05-22
182,8,18000.0,2022-05-22
398,8,112050.9,2022-05-22
473,8,57285.0,2022-05-22
1557,8,21600.0,2022-05-22
1559,8,821.25,2022-05-22
1611,8,3521.25,2022-05-22
1763,8,314280.0,2022-05-22
1828,8,821.7,2022-05-22
2006,8,58612.0,2022-05-22
2007,8,34689.0,2022-05-22
2008,8,104069.0,2022-05-22
2009,8,94608.0,2022-05-22
2010,8,31536.0,2022-05-22
2011,8,51876.0,2022-05-22
2012,8,5163.0,2022-05-22
2013,8,15000.0,2022-05-22
2014,8,253080.0,2022-05-22
2306,8,12000.0,2022-05-22
3757,8,1825.0,2022-05-22
3758,8,110376.0,2022-05-22
3759,8,5129.0,2022-05-22
3760,8,5129.0,2022-05-22
3761,8,5129.0,2022-05-22
3762,8,5129.0,2022-05-22
3763,8,22075.0,2022-05-22
3764,8,269568.0,2022-05-22
4476,8,388825.0,2022-05-22
8174,8,1103760.0,2022-05-22
76487,8,480000.0,2022-05-22
76488,8,883008.0,2022-05-22
76489,8,9460.0,2022-05-22
76490,8,9460.0,2022-05-22
76491,8,13280.0,2022-05-22
76492,8,8897.0,2022-05-22
76493,8,5931.0,2022-05-22
76494,8,8213.0,2022-05-22
76495,8,11406.0,2022-05-22
76496,8,4563.0,2022-05-22
76497,8,15969.0,2022-05-22
76498,8,9125.0,2022-05-22
76499,8,13688.0,2022-05-22
76500,8,13688.0,2022-05-22
76501,8,3422.0,2022-05-22
76502,8,5703.0,2022-05-22
76503,8,20531.0,2022-05-22
76504,8,8213.0,2022-05-22
76505,8,5475.0,2022-05-22
76506,8,9696.0,2022-05-22
76507,8,9695.0,2022-05-22
76508,8,2603.0,2022-05-22
76509,8,2604.0,2022-05-22
76510,8,2604.0,2022-05-22
76511,8,31244.0,2022-05-22
76512,8,7756.0,2022-05-22
76513,8,9125.0,2022-05-22
76514,8,8213.0,2022-05-22
76515,8,18250.0,2022-05-22
76516,8,912.0,2022-05-22
76517,8,60000.0,2022-05-22
76518,8,73164.0,2022-05-22
76519,8,20166.0,2022-05-22
76520,8,91250.0,2022-05-22
76521,8,66156.0,2022-05-22
76522,8,94607.0,2022-05-22
76523,8,3741.0,2022-05-22
76524,8,3741.0,2022-05-22
76525,8,63072.0,2022-05-22
76526,8,15969.0,2022-05-22
76527,8,38325.0,2022-05-22
76528,8,15969.0,2022-05-22
76529,8,330000.0,2022-05-22
76530,8,22075.0,2022-05-22
76531,8,6843.0,2022-05-22
76532,8,55000.0,2022-05-22
76533,8,36250.0,2022-05-22
76534,8,15768.0,2022-05-22
76535,8,15768.0,2022-05-22
76536,8,6000.0,2022-05-22
76537,8,29656.0,2022-05-22
76538,8,11406.0,2022-05-22
76539,8,5019.0,2022-05-22
76540,8,1135.2,2022-05-22
76541,8,876.0,2022-05-22
76542,8,3456.0,2022-05-22
76543,8,60081.84,2022-05-22
76544,8,82944.0,2022-05-22
76545,8,35547.43,2022-05-22
76546,8,43022.0,2022-05-22
76547,8,5288.0,2022-05-22
76548,8,3917.0,2022-05-22
76549,8,2920.0,2022-05-22
76550,8,5896.0,2022-05-22
76551,8,8813.0,2022-05-22
76552,8,4896.0,2022-05-22
76553,8,630720.0,2022-05-22
66,8,18921.6,2022-05-22
98,8,7884.0,2022-05-22
225,8,4730.4,2022-05-22
238,8,51840.0,2022-05-22
239,8,207360.0,2022-05-22
260,8,62208.0,2022-05-22
318,8,44723.0,2022-05-22
319,8,22018.0,2022-05-22
321,8,36292.0,2022-05-22
322,8,1538.78,2022-05-22
323,8,9331.2,2022-05-22
324,8,2902.64,2022-05-22
325,8,2695.68,2022-05-22
348,8,2695.68,2022-05-22
350,8,630.72,2022-05-22
354,8,44150.4,2022-05-22
355,8,77064.0,2022-05-22
357,8,15000.0,2022-05-22
358,8,15000.0,2022-05-22
359,8,20000.0,2022-05-22
361,8,9000.0,2022-05-22
369,8,95999.4,2022-05-22
370,8,8418.82,2022-05-22
372,8,10000.0,2022-05-22
373,8,30067.2,2022-05-22
374,8,20736.0,2022-05-22
381,8,126144.0,2022-05-22
392,8,94608.0,2022-05-22
407,8,4525.2,2022-05-22
441,8,3270.35,2022-05-22
442,8,41472.0,2022-05-22
443,8,13578.0,2022-05-22
444,8,1323.74,2022-05-22
471,8,15120.0,2022-05-22
490,8,3686.4,2022-05-22
546,8,87946.6,2022-05-22
691,8,447022.8,2022-05-22
696,8,372124.8,2022-05-22
725,8,4147.2,2022-05-22
758,8,186209.28,2022-05-22
853,8,3000.0,2022-05-22
949,8,3000.0,2022-05-22
960,8,2080.5,2022-05-22
961,8,3000.0,2022-05-22
962,8,82944.0,2022-05-22
963,8,119824.0,2022-05-22
964,8,657.0,2022-05-22
1196,8,657.0,2022-05-22
1199,8,657.0,2022-05-22
1386,8,657.0,2022-05-22
1427,8,431006.0,2022-05-22
1435,8,172745.0,2022-05-22
1471,8,543432.0,2022-05-22
1472,8,663484.0,2022-05-22
1473,8,461980.0,2022-05-22
1474,8,96.0,2022-05-22
1475,8,1711459.0,2022-05-22
1499,8,1117000.0,2022-05-22
1500,8,150953.0,2022-05-22
1505,8,78525.6,2022-05-22
1524,8,48073.0,2022-05-22
1544,8,110175.0,2022-05-22
1550,8,4636.0,2022-05-22
1713,8,3103.0,2022-05-22
1744,8,87928.5,2022-05-22
1748,8,65408.0,2022-05-22
1754,8,6296.0,2022-05-22
1818,8,438.0,2022-05-22
1819,8,10895.0,2022-05-22
1961,8,1807.0,2022-05-22
1962,8,3997.0,2022-05-22
1963,8,219.0,2022-05-22
1964,8,219.0,2022-05-22
1965,8,3850.0,2022-05-22
1966,8,3010.0,2022-05-22
1967,8,1205.0,2022-05-22
1968,8,2740.0,2022-05-22
1969,8,390.0,2022-05-22
1970,8,1540.0,2022-05-22
1971,8,4380.0,2022-05-22
1972,8,4380.0,2022-05-22
1973,8,4380.0,2022-05-22
1974,8,280.0,2022-05-22
1975,8,1810.0,2022-05-22
1976,8,280.0,2022-05-22
1977,8,3614.0,2022-05-22
1978,8,5731.0,2022-05-22
1979,8,12045.0,2022-05-22
1980,8,777.6,2022-05-22
1981,8,36500.0,2022-05-22
1982,8,9417.29,2022-05-22
1983,8,5802.5,2022-05-22
1984,8,5802.5,2022-05-22
1985,8,14755.13,2022-05-22
1986,8,14755.12,2022-05-22
1987,8,13140.0,2022-05-22
1988,8,13140.0,2022-05-22
1989,8,4100.0,2022-05-22
1990,8,5621.0,2022-05-22
1991,8,2883.5,2022-05-22
65,8,32400.0,2022-05-22
70,8,933.93,2022-05-22
73,8,342000.0,2022-05-22
75,8,5584.5,2022-05-22
76,8,2700000.0,2022-05-22
87,8,63618.75,2022-05-22
91,8,63618.75,2022-05-22
101,8,63618.75,2022-05-22
195,8,63618.75,2022-05-22
320,8,63618.75,2022-05-22
329,8,738.9,2022-05-22
330,8,375192.0,2022-05-22
341,8,104737.0,2022-05-22
450,8,12000.0,2022-05-22
451,8,3431.0,2022-05-22
491,8,284000.0,2022-05-22
610,8,2792.25,2022-05-22
664,8,7884.0,2022-05-22
665,8,21243.0,2022-05-22
666,8,5318.57,2022-05-22
692,8,1063.71,2022-05-22
774,8,1063.71,2022-05-22
1026,8,19783.0,2022-05-22
1045,8,19783.0,2022-05-22
1052,8,19783.0,2022-05-22
1440,8,6159.5,2022-05-22
1441,8,5585.0,2022-05-22
1951,8,24090.0,2022-05-22
1952,8,4500.0,2022-05-22
1953,8,45524.62,2022-05-22
1954,8,45524.63,2022-05-22
1955,8,8640.0,2022-05-22
1956,8,3012545.2,2022-05-22
1957,8,21772800.0,2022-05-22
1958,8,20000.0,2022-05-22
1959,8,63245.0,2022-05-22
1960,8,31622.0,2022-05-22
2261,8,1500.15,2022-05-22
2262,8,203176.8,2022-05-22
2263,8,161866.8,2022-05-22
2264,8,57441.6,2022-05-22
2333,8,161868.6,2022-05-22
2334,8,161866.8,2022-05-22
2335,8,638.75,2022-05-22
3880,8,5703.13,2022-05-22
3881,8,5703.13,2022-05-22
3882,8,5703.13,2022-05-22
3883,8,5703.13,2022-05-22
3884,8,23000.0,2022-05-22
3885,8,23000.0,2022-05-22
3886,8,6000.0,2022-05-22
3887,8,40351.0,2022-05-22
3888,8,352512.0,2022-05-22
3889,8,958.0,2022-05-22
3890,8,27216.0,2022-05-22
3891,8,788400.0,2022-05-22
3892,8,217728.0,2022-05-22
3893,8,165888.0,2022-05-22
3894,8,693792.0,2022-05-22
3895,8,1009152.0,2022-05-22
3896,8,75686.0,2022-05-22
3897,8,45979.49,2022-05-22
3899,8,612745.0,2022-05-22
3900,8,26957.0,2022-05-22
3901,8,8705.25,2022-05-22
3902,8,32955.12,2022-05-22
3903,8,47304.0,2022-05-22
3904,8,22075.0,2022-05-22
3905,8,62441.28,2022-05-22
3906,8,41312.16,2022-05-22
3907,8,13875.84,2022-05-22
3908,8,47304.0,2022-05-22
3909,8,47304.0,2022-05-22
3910,8,3153.0,2022-05-22
3911,8,9461.0,2022-05-22
3912,8,5265.0,2022-05-22
3913,8,362880.0,2022-05-22
3914,8,78840.0,2022-05-22
3915,8,52334.0,2022-05-22
3916,8,49190.0,2022-05-22
3917,8,30363.0,2022-05-22
3918,8,53524.0,2022-05-22
3919,8,27190.0,2022-05-22
3920,8,52264.0,2022-05-22
3921,8,13818.0,2022-05-22
3922,8,157680.0,2022-05-22
3923,8,16477.0,2022-05-22
3924,8,1466424.0,2022-05-22
3925,8,326781.0,2022-05-22
3926,8,210000.0,2022-05-22
3927,8,4338593.28,2022-05-22
3928,8,680547.0,2022-05-22
3929,8,1261440.0,2022-05-22
3930,8,2838240.0,2022-05-22
3931,8,1829088.0,2022-05-22
3932,8,48000.0,2022-05-22
3933,8,306.0,2022-05-22
3934,8,36000.0,2022-05-22
3935,8,400000.0,2022-05-22
3936,8,315360.0,2022-05-22
399,8,5256.0,2022-05-22
470,8,630720.0,2022-05-22
536,8,38982.0,2022-05-22
537,8,22075.2,2022-05-22
547,8,112135.4,2022-05-22
556,8,200000.0,2022-05-22
577,8,12500.0,2022-05-22
656,8,12500.0,2022-05-22
695,8,252288.0,2022-05-22
787,8,63072.0,2022-05-22
848,8,63072.0,2022-05-22
849,8,600.0,2022-05-22
850,8,400.0,2022-05-22
914,8,100.0,2022-05-22
1001,8,100.0,2022-05-22
1106,8,600.0,2022-05-22
1126,8,4529.0,2022-05-22
1127,8,2384.0,2022-05-22
1128,8,3718.0,2022-05-22
1129,8,3385.0,2022-05-22
1130,8,826.0,2022-05-22
1131,8,450.0,2022-05-22
1132,8,450.0,2022-05-22
1133,8,730.0,2022-05-22
1134,8,6000.0,2022-05-22
1135,8,1190.0,2022-05-22
1136,8,1241.0,2022-05-22
1137,8,913.0,2022-05-22
1138,8,913.0,2022-05-22
1139,8,6570.0,2022-05-22
1140,8,182.5,2022-05-22
1141,8,5981.5,2022-05-22
1142,8,5981.5,2022-05-22
1202,8,63257.8,2022-05-22
1453,8,542210.0,2022-05-22
1601,8,38729.3,2022-05-22
2154,8,18073.6,2022-05-22
3960,8,45184.2,2022-05-22
3961,8,122642.7,2022-05-22
3962,8,30337.9,2022-05-22
3963,8,28675.0,2022-05-22
3964,8,8983.9,2022-05-22
3965,8,20030.0,2022-05-22
3966,8,26510.0,2022-05-22
3967,8,2946.0,2022-05-22
3968,8,13108.9,2022-05-22
3969,8,22681.0,2022-05-22
3970,8,13255.0,2022-05-22
3971,8,1767.0,2022-05-22
3972,8,26363.0,2022-05-22
3973,8,2799.0,2022-05-22
3974,8,1643.0,2022-05-22
3975,8,5316000.0,2022-05-22
3976,8,128250.0,2022-05-22
3977,8,417.0,2022-05-22
3978,8,313.0,2022-05-22
3979,8,105686.4,2022-05-22
3980,8,1361.0,2022-05-22
3981,8,11815.0,2022-05-22
3982,8,912.0,2022-05-22
3983,8,1004.0,2022-05-22
3984,8,7450.0,2022-05-22
3985,8,2759.4,2022-05-22
3986,8,7000.92,2022-05-22
3987,8,9953.0,2022-05-22
3988,8,187245.0,2022-05-22
3989,8,851472.0,2022-05-22
3990,8,1261440.0,2022-05-22
3991,8,1038560.0,2022-05-22
3992,8,126673.8,2022-05-22
3993,8,1576.0,2022-05-22
3994,8,30000.0,2022-05-22
3995,8,600.0,2022-05-22
3996,8,900000.0,2022-05-22
3997,9,250000.0,2022-05-22
3998,10,192240.0,2022-05-22
3999,10,18000.0,2022-05-22
4000,10,2001.0,2022-05-22
4001,10,9007.0,2022-05-22
4002,11,237650.0,2022-05-22
4003,12,67744.0,2022-05-22
4004,12,26490.24,2022-05-22
4005,12,756000.0,2022-05-22
4006,12,810000.0,2022-05-22
4007,12,120960.0,2022-05-22
4008,12,2945075.0,2022-05-22
4009,12,64605.0,2022-05-22
4010,12,14000000.0,2022-05-22
4011,12,38000000.0,2022-05-22
4012,12,35219.0,2022-05-22
4013,12,8000.0,2022-05-22
4014,12,91250.0,2022-05-22
4015,12,141438.0,2022-05-22
4016,12,123532.0,2022-05-22
4017,13,800.0,2022-05-22
4018,14,770.0,2022-05-22
4019,15,90000.0,2022-05-22
4020,16,90000.0,2022-05-22
4021,17,160000.0,2022-05-22
4022,17,10000.0,2022-05-22
95458,18,3000.0,2022-05-22
95459,19,1500.0,2022-05-22
95460,20,1500.0,2022-05-22
95461,21,3000.0,2022-05-22
95462,22,1500.0,2022-05-22
95463,23,1500.0,2022-05-22
95464,24,1200.0,2022-05-22
95465,25,1500.0,2022-05-22
95466,25,1000.0,2022-05-22
95467,26,2000.0,2022-05-22
95468,27,2000.0,2022-05-22
95469,28,1000.0,2022-05-22
95470,29,3000.0,2022-05-22
95471,30,2473040.0,2022-05-22
95472,31,35200.0,2022-05-22
95473,32,360.0,2022-05-22
95474,32,600.0,2022-05-22
95475,33,10500.0,2022-05-22
95476,34,1500.0,2022-05-22
95477,35,1000.0,2022-05-22
95478,36,9500.0,2022-05-22
95479,37,4500.0,2022-05-22
95480,38,7500.0,2022-05-22
95481,39,1300.0,2022-05-22
95482,40,1400.0,2022-05-22
95483,41,2800.0,2022-05-22
95484,42,330.0,2022-05-22
95485,43,16200.0,2022-05-22
95486,44,38000.0,2022-05-22
95487,45,17200.0,2022-05-22
95488,45,9460.0,2022-05-22
95489,45,8885.0,2022-05-22
95490,45,42087.0,2022-05-22
95491,45,25439.0,2022-05-22
95492,45,165918.0,2022-05-22
95493,45,30771.0,2022-05-22
134584,45,31051.0,2022-05-22
134585,45,9072.0,2022-05-22
134586,45,26842.0,2022-05-22
134587,45,109042.0,2022-05-22
134588,45,1000.0,2022-05-22
134589,45,1892.0,2022-05-22
134590,45,45228.0,2022-05-22
134591,45,10088.0,2022-05-22
145271,45,1095.0,2022-05-22
1,45,1100.0,2022-05-22
27,45,2409.0,2022-05-22
28,45,1100.0,2022-05-22
29,45,7665.0,2022-05-22
30,45,2383.0,2022-05-22
31,45,1100.0,2022-05-22
32,45,1100.0,2022-05-22
34,45,1100.0,2022-05-22
36,45,3340.0,2022-05-22
40,46,1500.0,2022-05-22
72,47,2500.0,2022-05-22
74,48,14350.0,2022-05-22
84,49,18550.0,2022-05-22
103,50,10300.0,2022-05-22
177,51,5500.0,2022-05-22
183,52,4700.0,2022-05-22
189,53,7400.0,2022-05-22
194,54,3800.0,2022-05-22
198,55,2300.0,2022-05-22
199,56,1800.0,2022-05-22
207,57,1000.0,2022-05-22
217,58,250.0,2022-05-22
218,59,564072.0,2022-05-22
309,60,38880.0,2022-05-22
383,61,15120.0,2022-05-22
389,61,24192.0,2022-05-22
409,61,15120.0,2022-05-22
426,61,21168.0,2022-05-22
427,61,27216.0,2022-05-22
432,61,24192.0,2022-05-22
433,61,2628.0,2022-05-22
447,61,4380.0,2022-05-22
469,61,136.0,2022-05-22
568,61,985.5,2022-05-22
570,61,440.0,2022-05-22
578,61,2920.0,2022-05-22
614,61,1045.0,2022-05-22
690,61,1500.0,2022-05-22
693,61,438.0,2022-05-22
733,61,1971.0,2022-05-22
906,61,1314.0,2022-05-22
995,61,1080.0,2022-05-22
1009,61,14580.0,2022-05-22
1016,61,2268.0,2022-05-22
1021,61,2190.0,2022-05-22
1022,61,1370.0,2022-05-22
1023,61,1805.0,2022-05-22
1094,61,1315.0,2022-05-22
1159,61,1058.0,2022-05-22
1191,62,73321.0,2022-05-22
1208,63,47000.0,2022-05-22
1224,63,110778.0,2022-05-22
1241,63,164.25,2022-05-22
1242,63,820.0,2022-05-22
1244,63,1405.0,2022-05-22
1246,63,8784.0,2022-05-22
1279,63,180.0,2022-05-22
1280,63,730.0,2022-05-22
1289,64,7776.0,2022-05-22
1316,64,2737.5,2022-05-22
1342,64,480.0,2022-05-22
1564,65,300000.0,2022-05-22
1610,66,7776000.0,2022-05-22
1624,66,990.0,2022-05-22
1629,66,30600000.0,2022-05-22
1654,66,13608000.0,2022-05-22
2036,67,32800.0,2022-05-22
2155,68,1643.0,2022-05-22
2156,69,474.0,2022-05-22
2157,69,8640.0,2022-05-22
2158,69,2462.0,2022-05-22
2159,69,1181.0,2022-05-22
2160,70,4900.0,2022-05-22
2161,71,328.0,2022-05-22
2162,71,547.0,2022-05-22
2163,71,1147.0,2022-05-22
2164,71,750.0,2022-05-22
2165,71,450.0,2022-05-22
2166,71,365.0,2022-05-22
2167,71,523.0,2022-05-22
2168,71,1180.0,2022-05-22
2169,72,2628.0,2022-05-22
2170,73,27648.0,2022-05-22
2171,73,34560.0,2022-05-22
2172,74,3887.0,2022-05-22
2173,75,4050.0,2022-05-22
2174,76,5225.0,2022-05-22
2175,77,270.0,2022-05-22
2309,78,2190.0,2022-05-22
4055,78,1752.0,2022-05-22
4056,78,730.0,2022-05-22
4057,78,6045.0,2022-05-22
4058,78,548.0,2022-05-22
4059,78,548.0,2022-05-22
4060,78,1460.0,2022-05-22
4061,78,1460.0,2022-05-22
4062,78,1800.0,2022-05-22
4063,78,1460.0,2022-05-22
4064,78,1460.0,2022-05-22
4065,78,730.0,2022-05-22
8,78,547.0,2022-05-22
119,79,365.0,2022-05-22
127,79,369.0,2022-05-22
148,80,6242.0,2022-05-22
149,81,1259.0,2022-05-22
176,82,656.0,2022-05-22
732,83,365.0,2022-05-22
1506,84,730.0,2022-05-22
1540,85,936.0,2022-05-22
1765,85,2117.0,2022-05-22
1769,85,1351.0,2022-05-22
1874,85,845.0,2022-05-22
1875,85,730.0,2022-05-22
1876,85,547.0,2022-05-22
1877,85,1095.0,2022-05-22
1878,86,1825.0,2022-05-22
1879,86,1825.0,2022-05-22
1880,87,91250.0,2022-05-22
4051,88,1095.0,2022-05-22
4052,89,3730000.0,2022-05-22
4053,89,696420.0,2022-05-22
4054,90,480000.0,2022-05-22
99457,91,360000.0,2022-05-22
99458,92,240000.0,2022-05-22
99459,93,400000.0,2022-05-22
99460,94,110000.0,2022-05-22
99461,94,150000.0,2022-05-22
99462,94,100000.0,2022-05-22
99463,94,30000.0,2022-05-22
99464,95,63070.0,2022-05-22
99465,96,567648.0,2022-05-22
99466,97,378432.0,2022-05-22
99467,98,157680.0,2022-05-22
99468,98,35000.0,2022-05-22
99469,98,112865.0,2022-05-22
99470,99,525600.0,2022-05-22
99471,100,908203.0,2022-05-22
99472,101,988968.96,2022-05-22
99473,102,11000.0,2022-05-22
99474,103,1825.0,2022-05-22
99475,104,1513728.0,2022-05-22
99476,104,3504.0,2022-05-22
99477,105,2097144.0,2022-05-22
99478,106,175000.0,2022-05-22
99479,107,3801600.0,2022-05-22
99480,108,1155.0,2022-05-22
99481,108,1155.0,2022-05-22
99482,109,1155.0,2022-05-22
99483,109,1155.0,2022-05-22
99484,110,1155.0,2022-05-22
99485,110,1155.0,2022-05-22
99486,111,1155.0,2022-05-22
99487,112,1155.0,2022-05-22
99488,113,1155.0,2022-05-22
99489,113,5147.0,2022-05-22
99490,114,8049.0,2022-05-22
99491,115,1155.0,2022-05-22
99492,116,1155.0,2022-05-22
99493,117,1155.0,2022-05-22
99494,117,267000.0,2022-05-22
99495,118,9417.0,2022-05-22
99496,119,82500.0,2022-05-22
99497,119,1155.0,2022-05-22
99498,119,1155.0,2022-05-22
99499,119,1150.0,2022-05-22
99500,119,1150.0,2022-05-22
99501,119,1150.0,2022-05-22
99502,119,1150.0,2022-05-22
99503,119,1150.0,2022-05-22
99504,120,1320.0,2022-05-22
99505,121,1155.0,2022-05-22
99506,122,1150.0,2022-05-22
99507,122,1150.0,2022-05-22
99508,122,1150.0,2022-05-22
99509,123,6307.2,2022-05-22
99510,124,634000.0,2022-05-22
99511,125,260000.0,2022-05-22
99512,126,388800.0,2022-05-22
99513,127,71175.0,2022-05-22
99514,128,5184.0,2022-05-22
99515,129,6500.0,2022-05-22
99516,130,8525.0,2022-05-22
99517,130,16977.0,2022-05-22
99518,130,11750.0,2022-05-22
99519,131,15552.0,2022-05-22
99520,132,9720.0,2022-05-22
99521,133,26000.0,2022-05-22
99522,133,39000.0,2022-05-22
99523,134,8500.0,2022-05-22
99524,135,4104.0,2022-05-22
99525,136,10944.0,2022-05-22
99526,137,4104.0,2022-05-22
99527,138,72576.0,2022-05-22
99528,139,8640.0,2022-05-22
99529,139,8640.0,2022-05-22
99530,140,220000.0,2022-05-22
99531,141,189216.0,2022-05-22
99532,142,2100.0,2022-05-22
99533,143,63072.0,2022-05-22
99534,144,599184.0,2022-05-22
125,145,3374352.0,2022-05-22
152,146,126144.0,2022-05-22
180,147,63072.0,2022-05-22
191,148,2491344.0,2022-05-22
193,149,94608.0,2022-05-22
251,149,1100.0,2022-05-22
327,150,914544.0,2022-05-22
400,151,1198368.0,2022-05-22
501,152,126144.0,2022-05-22
502,153,1009152.0,2022-05-22
503,154,94608.0,2022-05-22
508,155,1103760.0,2022-05-22
509,156,6054912.0,2022-05-22
559,157,220752.0,2022-05-22
569,158,3342816.0,2022-05-22
574,159,4351968.0,2022-05-22
698,160,14600.0,2022-05-22
928,161,365040.0,2022-05-22
1235,162,134000.0,2022-05-22
1304,162,19382.0,2022-05-22
1305,163,11664.0,2022-05-22
1306,163,4925.0,2022-05-22
1307,163,3110.0,2022-05-22
1375,163,1414628.0,2022-05-22
1380,163,829.44,2022-05-22
1478,163,84979.0,2022-05-22
1479,163,72576.0,2022-05-22
1480,163,348600.0,2022-05-22
1543,163,31500.0,2022-05-22
1747,163,4080.5,2022-05-22
1853,163,13200.0,2022-05-22
1854,163,819720.0,2022-05-22
4121,163,66773.1,2022-05-22
4122,163,16329.6,2022-05-22
4123,163,334368.0,2022-05-22
4124,163,40275.0,2022-05-22
4125,163,87601.0,2022-05-22
4126,163,84000.0,2022-05-22
4127,163,26308.0,2022-05-22
4128,163,102000.0,2022-05-22
4129,163,346560.0,2022-05-22
4130,164,1223020000.0,2022-05-22
4131,165,473040.0,2022-05-22
4132,166,4730.0,2022-05-22
4133,167,18920.0,2022-05-22
4134,168,28908.0,2022-05-22
4135,169,497975.0,2022-05-22
4136,169,19228.0,2022-05-22
4137,169,28580.0,2022-05-22
4138,170,187336.8,2022-05-22
4139,171,1892.0,2022-05-22
4140,172,14191.0,2022-05-22
4141,173,1051.2,2022-05-22
4142,174,157680.0,2022-05-22
102733,175,7665.0,2022-05-22
102734,176,3964.0,2022-05-22
102735,177,2935.0,2022-05-22
102736,178,4227.0,2022-05-22
102737,179,9636.0,2022-05-22
102738,180,1292.0,2022-05-22
102739,181,7775.0,2022-05-22
102740,182,1700.0,2022-05-22
102741,183,7753.0,2022-05-22
102742,184,31273.0,2022-05-22
102743,184,2957.0,2022-05-22
102744,185,19535.0,2022-05-22
102745,186,8230.0,2022-05-22
102746,187,8175.0,2022-05-22
102747,188,8175.0,2022-05-22
102748,189,4073.0,2022-05-22
102749,190,4029.5,2022-05-22
102750,191,4029.5,2022-05-22
102751,192,6263.0,2022-05-22
102752,193,2081.0,2022-05-22
102753,194,1424.0,2022-05-22
102754,195,7205.0,2022-05-22
102755,196,12439.0,2022-05-22
102756,196,4723.0,2022-05-22
102757,197,2124.0,2022-05-22
102758,198,18396.0,2022-05-22
102759,199,19316.0,2022-05-22
102760,200,13556.0,2022-05-22
102761,200,14310.0,2022-05-22
102762,200,18028.0,2022-05-22
102763,200,7030.0,2022-05-22
102764,200,20013.0,2022-05-22
102765,201,6964.0,2022-05-22
102766,202,2540.0,2022-05-22
102767,203,168894.0,2022-05-22
102768,203,874800.0,2022-05-22
102769,204,4078.0,2022-05-22
102770,204,414720.0,2022-05-22
102771,204,228000.0,2022-05-22
102772,205,502026.0,2022-05-22
102773,206,2576.0,2022-05-22
102774,207,171270.0,2022-05-22
102775,207,1421730.0,2022-05-22
102776,207,41472.0,2022-05-22
102777,207,3240.0,2022-05-22
102778,208,31860.0,2022-05-22
2290,209,157680.0,2022-05-22
4143,210,4363749.0,2022-05-22
4144,211,449388.0,2022-05-22
104030,212,16329600.0,2022-05-22
104031,213,79145.0,2022-05-22
104032,214,2628.0,2022-05-22
104033,215,15768.0,2022-05-22
104034,216,3469.0,2022-05-22
104035,217,1971.0,2022-05-22
104036,218,1971.0,2022-05-22
104037,219,414720.0,2022-05-22
104038,220,1676400.0,2022-05-22
104039,221,1226667.0,2022-05-22
104040,222,207360.0,2022-05-22
104041,222,867300.0,2022-05-22
104042,223,51840.0,2022-05-22
104043,224,1785600.0,2022-05-22
104044,225,205831.0,2022-05-22
104045,226,694.0,2022-05-22
104046,227,20120.0,2022-05-22
104047,228,109.5,2022-05-22
104048,229,6000.0,2022-05-22
104049,230,29274.0,2022-05-22
104050,231,2899.0,2022-05-22
104051,232,24972.0,2022-05-22
104052,233,8137.0,2022-05-22
104053,233,11130.0,2022-05-22
104054,234,4723.0,2022-05-22
104055,235,1730.5,2022-05-22
104056,236,1730.5,2022-05-22
104057,237,18284.5,2022-05-22
104058,238,18284.5,2022-05-22
104059,239,2642.25,2022-05-22
104060,240,2642.25,2022-05-22
104061,241,2642.25,2022-05-22
104062,242,2642.25,2022-05-22
104063,243,9937.25,2022-05-22
104064,244,9937.25,2022-05-22
104065,245,9937.25,2022-05-22
104066,246,9937.25,2022-05-22
104067,247,53881.0,2022-05-22
104068,248,48522.0,2022-05-22
104069,249,48522.0,2022-05-22
104070,250,14721.2,2022-05-22
104071,251,14721.2,2022-05-22
104072,252,14721.2,2022-05-22
104073,253,14721.2,2022-05-22
104074,254,14721.2,2022-05-22
104075,255,8324.0,2022-05-22
104076,256,169846.0,2022-05-22
104077,256,11566.0,2022-05-22
104078,256,42561.0,2022-05-22
104079,257,1419120.0,2022-05-22
104080,258,730.0,2022-05-22
104081,258,365.0,2022-05-22
104082,259,10600.0,2022-05-22
104083,260,10101.0,2022-05-22
104084,261,40030.0,2022-05-22
104085,262,11223.0,2022-05-22
104086,263,5722812.0,2022-05-22
104087,264,114000.0,2022-05-22
104088,265,3153600.0,2022-05-22
104089,266,4000000.0,2022-05-22
104090,267,1608780.0,2022-05-22
104091,268,240000.0,2022-05-22
104092,269,100000.0,2022-05-22
104093,270,423360.0,2022-05-22
104094,271,28000.0,2022-05-22
104095,272,1213056.0,2022-05-22
104096,272,1170288.0,2022-05-22
104097,272,2295200.0,2022-05-22
104098,272,2134915.76,2022-05-22
104099,272,7789392.0,2022-05-22
104100,273,1488000.0,2022-05-22
104101,274,541201.32,2022-05-22
104102,274,453269.7,2022-05-22
104103,274,864000.0,2022-05-22
104104,275,240000.0,2022-05-22
104105,276,152970.85,2022-05-22
104106,276,114228.0,2022-05-22
104107,277,604800.0,2022-05-22
104108,277,1334389.77,2022-05-22
104109,278,644284.0,2022-05-22
104110,279,359400.0,2022-05-22
104111,280,1628000.0,2022-05-22
104112,280,1584000.0,2022-05-22
104113,281,4219516.8,2022-05-22
104114,281,4500000.0,2022-05-22
104115,281,2760000.0,2022-05-22
104116,282,3178828.8,2022-05-22
104117,283,6961684.0,2022-05-22
104118,283,133916.0,2022-05-22
104119,284,15000.0,2022-05-22
104120,285,181120.0,2022-05-22
104121,286,130000.0,2022-05-22
104122,287,360000.0,2022-05-22
104123,287,25000.0,2022-05-22
104124,287,15000.0,2022-05-22
104125,287,356200.0,2022-05-22
104126,287,70000.0,2022-05-22
4,287,150000.0,2022-05-22
24,287,320000.0,2022-05-22
25,287,247500.0,2022-05-22
26,287,35000.0,2022-05-22
33,287,35000.0,2022-05-22
38,288,390000.0,2022-05-22
58,289,878400.0,2022-05-22
88,290,120000.0,2022-05-22
95,291,100000.0,2022-05-22
96,291,160000.0,2022-05-22
97,292,80000.0,2022-05-22
100,292,270000.0,2022-05-22
102,293,6900.0,2022-05-22
114,293,2298667.0,2022-05-22
196,293,12443.46,2022-05-22
203,294,603400.0,2022-05-22
204,295,2049800.0,2022-05-22
205,295,400000.0,2022-05-22
206,296,2476300.0,2022-05-22
208,296,1036601.0,2022-05-22
210,297,4072950.0,2022-05-22
211,298,72.0,2022-05-22
212,299,984000.0,2022-05-22
213,300,140000.0,2022-05-22
214,301,100000.0,2022-05-22
215,302,360.0,2022-05-22
216,303,4500.0,2022-05-22
220,303,100.0,2022-05-22
223,303,3900.0,2022-05-22
224,303,91.25,2022-05-22
226,303,1086.0,2022-05-22
227,303,720.0,2022-05-22
229,303,1314.0,2022-05-22
230,303,197.0,2022-05-22
234,303,3600.0,2022-05-22
236,303,6480.0,2022-05-22
237,303,9500.0,2022-05-22
245,303,2847.0,2022-05-22
252,303,5000.0,2022-05-22
253,303,2160.0,2022-05-22
254,303,2160.0,2022-05-22
259,303,7230.0,2022-05-22
261,304,360000.0,2022-05-22
262,305,600.0,2022-05-22
263,306,2500.0,2022-05-22
286,307,150.0,2022-05-22
292,308,150.0,2022-05-22
294,309,150.0,2022-05-22
297,310,350.0,2022-05-22
304,311,12000.0,2022-05-22
371,311,2556.8,2022-05-22
375,312,150.0,2022-05-22
376,313,100.0,2022-05-22
377,313,100.0,2022-05-22
378,313,300.0,2022-05-22
379,313,11908.0,2022-05-22
380,313,1100.0,2022-05-22
391,313,1697.0,2022-05-22
396,314,300.0,2022-05-22
397,315,100.0,2022-05-22
417,315,100.0,2022-05-22
423,315,100.0,2022-05-22
439,315,100.0,2022-05-22
454,316,18350.0,2022-05-22
458,317,9072.0,2022-05-22
549,318,4000.0,2022-05-22
602,319,200000.0,2022-05-22
637,319,200000.0,2022-05-22
804,320,27000.0,2022-05-22
883,321,1341.0,2022-05-22
996,322,746.0,2022-05-22
1041,323,746.0,2022-05-22
1042,324,21795.0,2022-05-22
1328,325,7301.0,2022-05-22
1449,326,40969.0,2022-05-22
1450,327,1341.0,2022-05-22
1517,327,746.0,2022-05-22
1553,328,746.0,2022-05-22
1554,329,30838.0,2022-05-22
1573,330,4623.0,2022-05-22
1660,331,746.0,2022-05-22
1663,332,2980.0,2022-05-22
1690,333,826.0,2022-05-22
1694,334,9907.0,2022-05-22
1695,335,2384.0,2022-05-22
1725,335,746.0,2022-05-22
1743,335,5284.0,2022-05-22
1746,335,746.0,2022-05-22
1756,335,1341.0,2022-05-22
1760,335,1638.0,2022-05-22
1785,335,1341.0,2022-05-22
1822,335,16346.0,2022-05-22
2176,335,746.0,2022-05-22
2177,335,826.0,2022-05-22
2178,335,1650.0,2022-05-22
2179,335,826.0,2022-05-22
2180,335,3576.0,2022-05-22
2181,335,1650.0,2022-05-22
2182,335,1650.0,2022-05-22
2183,335,1650.0,2022-05-22
885,335,746.0,2022-05-22
1345,335,746.0,2022-05-22
4205,335,746.0,2022-05-22
4206,336,4171.0,2022-05-22
89118,337,38636.0,2022-05-22
109367,337,4917.0,2022-05-22
109368,338,10280.0,2022-05-22
109369,339,746.0,2022-05-22
109370,340,746.0,2022-05-22
109371,341,5118.0,2022-05-22
109372,342,7265.0,2022-05-22
109373,343,17006.0,2022-05-22
109374,344,1341.0,2022-05-22
109375,345,100719.0,2022-05-22
109376,346,746.0,2022-05-22
109377,347,2808.0,2022-05-22
109378,348,4789.0,2022-05-22
109379,349,1650.0,2022-05-22
109380,350,13856.0,2022-05-22
109381,351,826.0,2022-05-22
109382,352,6730.0,2022-05-22
109383,353,746.0,2022-05-22
109384,353,746.0,2022-05-22
109385,353,9412.0,2022-05-22
109386,353,4767.0,2022-05-22
109387,353,1816.0,2022-05-22
109388,353,746.0,2022-05-22
109389,354,746.0,2022-05-22
109390,354,826.0,2022-05-22
109391,354,3129.0,2022-05-22
109392,354,34510.0,2022-05-22
109393,354,3576.0,2022-05-22
109394,355,6771.0,2022-05-22
109395,356,1321.0,2022-05-22
109396,356,8639.0,2022-05-22
109397,356,1650.0,2022-05-22
109398,356,10567.0,2022-05-22
109399,357,746.0,2022-05-22
109400,358,826.0,2022-05-22
109401,359,2084.0,2022-05-22
109402,360,12715.0,2022-05-22
109403,361,4618.0,2022-05-22
109404,362,19482.0,2022-05-22
109405,363,50361.0,2022-05-22
109406,364,2310.0,2022-05-22
109407,365,746.0,2022-05-22
109408,366,1531750.0,2022-05-22
109409,367,459821.0,2022-05-22
109410,368,363000.0,2022-05-22
109411,369,9125.0,2022-05-22
109412,370,1584000.0,2022-05-22
125639,371,25000000.0,2022-05-22
125640,372,229.0,2022-05-22
125641,373,456.25,2022-05-22
125642,374,548.0,2022-05-22
125643,374,75.0,2022-05-22
125644,374,1205.0,2022-05-22
125645,374,821.0,2022-05-22
125646,375,449388.0,2022-05-22
125647,376,1215.0,2022-05-22
125648,377,39744.0,2022-05-22
125649,378,813136.0,2022-05-22
125650,378,6293.0,2022-05-22
125651,379,3800.0,2022-05-22
125652,379,3800.0,2022-05-22
125653,379,3800.0,2022-05-22
125654,379,3800.0,2022-05-22
125655,380,62208.0,2022-05-22
125656,380,186624.0,2022-05-22
125657,381,93312.0,2022-05-22
125658,382,755000.0,2022-05-22
125659,383,895200.0,2022-05-22
125660,384,13947.0,2022-05-22
125661,385,14513.0,2022-05-22
125662,386,10318.0,2022-05-22
125663,386,11906.0,2022-05-22
125664,386,36567.0,2022-05-22
125665,387,3232.0,2022-05-22
125666,388,9978.0,2022-05-22
125667,389,6406.0,2022-05-22
125668,390,14643.0,2022-05-22
125669,390,6837.0,2022-05-22
125670,390,7236.0,2022-05-22
125671,390,1026.0,2022-05-22
125672,390,21594.0,2022-05-22
125673,390,17150.0,2022-05-22
125674,391,11395.0,2022-05-22
125675,391,15554.0,2022-05-22
125676,391,5925.0,2022-05-22
125677,391,18004.0,2022-05-22
125678,391,16637.0,2022-05-22
125679,391,10085.0,2022-05-22
134708,392,24200.0,2022-05-22
134710,393,33331.0,2022-05-22
134913,394,5071.0,2022-05-22
146761,395,48144.0,2022-05-22
146762,396,9629.0,2022-05-22
146763,397,19884.0,2022-05-22
146764,398,10825.0,2022-05-22
146765,399,26892.0,2022-05-22
7,400,9116.0,2022-05-22
13,401,12990.0,2022-05-22
18,402,17264.0,2022-05-22
35,403,6039.0,2022-05-22
47,404,5071.0,2022-05-22
57,405,19600.0,2022-05-22
71,406,8717.0,2022-05-22
85,407,5868.0,2022-05-22
197,408,969.0,2022-05-22
202,409,1253.0,2022-05-22
209,409,3134.0,2022-05-22
219,410,12478.0,2022-05-22
231,411,9230.0,2022-05-22
235,412,24556.0,2022-05-22
243,413,26949.0,2022-05-22
257,414,45295.0,2022-05-22
258,415,17093.0,2022-05-22
287,416,19030.0,2022-05-22
293,416,16751.0,2022-05-22
307,416,17093.0,2022-05-22
338,416,4102.0,2022-05-22
340,416,5470.0,2022-05-22
362,416,9059.0,2022-05-22
404,417,1937.0,2022-05-22
405,418,9686.0,2022-05-22
411,419,2393.0,2022-05-22
419,420,9287.0,2022-05-22
425,421,8375.0,2022-05-22
445,422,7920.0,2022-05-22
448,423,8617.0,2022-05-22
449,424,24662.0,2022-05-22
461,424,18199.0,2022-05-22
462,425,12307.0,2022-05-22
466,425,14016.0,2022-05-22
504,425,19827.0,2022-05-22
505,425,32476.0,2022-05-22
517,426,24784.0,2022-05-22
554,426,5299.0,2022-05-22
564,426,10939.0,2022-05-22
655,427,7920.0,2022-05-22
742,428,16979.0,2022-05-22
754,429,16067.0,2022-05-22
755,430,58400.0,2022-05-22
757,431,7806.0,2022-05-22
799,432,2963.0,2022-05-22
805,433,14871.0,2022-05-22
812,434,20511.0,2022-05-22
871,435,37319.0,2022-05-22
954,436,3110.4,2022-05-22
981,437,224100.0,2022-05-22
994,438,13876.0,2022-05-22
1011,439,688000.0,2022-05-22
1030,440,67500.0,2022-05-22
1031,441,371045.0,2022-05-22
1067,441,371045.0,2022-05-22
1228,442,5000.0,2022-05-22
1268,443,360000.0,2022-05-22
1276,444,18144.0,2022-05-22
1299,445,300000.0,2022-05-22
1340,445,300000.0,2022-05-22
1341,445,882660.0,2022-05-22
1405,446,93024.0,2022-05-22
1406,446,204102.0,2022-05-22
1407,446,210000.0,2022-05-22
1481,446,24305.4,2022-05-22
1489,446,935550.0,2022-05-22
1551,446,270000.0,2022-05-22
1750,446,1392000.0,2022-05-22
1752,447,834000.0,2022-05-22
1753,448,1495340.0,2022-05-22
1759,449,6000.0,2022-05-22
1766,449,30000.0,2022-05-22
1777,450,1100.0,2022-05-22
1781,451,831.0,2022-05-22
1786,452,25000.0,2022-05-22
2231,452,6536.0,2022-05-22
2232,453,204000.0,2022-05-22
2233,454,2100000.0,2022-05-22
2234,455,12994.0,2022-05-22
2235,455,79315.0,2022-05-22
2236,455,55.0,2022-05-22
2237,455,39420.0,2022-05-22
2238,456,159960.0,2022-05-22
2239,457,360001.0,2022-05-22
2240,458,22075.0,2022-05-22
2241,459,36000.0,2022-05-22
2242,460,126960.0,2022-05-22
2243,461,420000.0,2022-05-22
2244,462,3847.39,2022-05-22
2245,463,1092722.0,2022-05-22
2246,463,291708.0,2022-05-22
2247,464,18000.0,2022-05-22
2248,465,14930.0,2022-05-22
2249,466,56759.5,2022-05-22
2250,466,438856.0,2022-05-22
2251,467,33290.0,2022-05-22
2252,467,3878.0,2022-05-22
2253,468,49220.25,2022-05-22
2254,469,51519.75,2022-05-22
2255,470,79823.25,2022-05-22
10,471,4730.0,2022-05-22
12,472,725.7,2022-05-22
352,473,7884.0,2022-05-22
1485,474,1382.4,2022-05-22
1487,475,6307.2,2022-05-22
1510,475,28642.7,2022-05-22
1558,476,187750.35,2022-05-22
1705,477,307945.8,2022-05-22
1757,478,8400.6,2022-05-22
1758,479,70200.0,2022-05-22
2037,480,97200.0,2022-05-22
2149,481,258346.8,2022-05-22
2150,482,87750.0,2022-05-22
2151,483,504171.0,2022-05-22
4348,484,56764.8,2022-05-22
4349,485,11636.78,2022-05-22
4350,486,796233.0,2022-05-22
4351,487,5676.48,2022-05-22
4352,488,170294.4,2022-05-22
4353,489,666986.4,2022-05-22
4354,490,4385.0,2022-05-22
4355,491,68117.76,2022-05-22
4356,492,44985.0,2022-05-22
4357,492,19273.0,2022-05-22
4406,493,24437.0,2022-05-22
4501,494,361.0,2022-05-22
4502,495,633.0,2022-05-22
4503,496,57887.0,2022-05-22
4504,497,12299.18,2022-05-22
4505,498,18921.6,2022-05-22
121383,499,8199.46,2022-05-22
121384,500,6307.3,2022-05-22
121385,501,8199.46,2022-05-22
121386,502,1328771.0,2022-05-22
121387,503,30000.0,2022-05-22
121388,504,20889.0,2022-05-22
121389,505,259378.0,2022-05-22
121390,506,1703.0,2022-05-22
121391,507,237600.0,2022-05-22
121392,508,15944.3,2022-05-22
121393,509,35614.0,2022-05-22
121394,510,283824.0,2022-05-22
121395,511,36000.0,2022-05-22
121396,512,12000.0,2022-05-22
121397,513,9362.0,2022-05-22
121398,514,2792.0,2022-05-22
121399,515,1095.0,2022-05-22
121400,516,4325.0,2022-05-22
121401,517,11800.0,2022-05-22
121402,518,1095.0,2022-05-22
121403,518,1150.0,2022-05-22
121404,518,7433.0,2022-05-22
121405,518,7282.0,2022-05-22
121406,519,3940.0,2022-05-22
121407,520,1370.0,2022-05-22
121408,521,2518.0,2022-05-22
121409,522,1861.0,2022-05-22
121410,523,1100.0,2022-05-22
121411,524,1100.0,2022-05-22
121412,525,16300.0,2022-05-22
121413,526,3350.0,2022-05-22
121414,527,15330.0,2022-05-22
121415,528,3780.0,2022-05-22
121416,528,1100.0,2022-05-22
121417,529,1100.0,2022-05-22
121418,530,3290.0,2022-05-22
121419,531,1100.0,2022-05-22
121420,532,1100.0,2022-05-22
121421,533,19660.0,2022-05-22
121422,534,1100.0,2022-05-22
121423,535,1100.0,2022-05-22
121424,535,1100.0,2022-05-22
121425,536,1100.0,2022-05-22
121426,537,1100.0,2022-05-22
121427,538,1423.0,2022-05-22
121428,539,2570.0,2022-05-22
121429,540,4544.0,2022-05-22
121430,541,1205.0,2022-05-22
121431,542,1100.0,2022-05-22
121432,543,1100.0,2022-05-22
121433,544,1200.0,2022-05-22
121434,545,1210.0,2022-05-22
121435,546,1100.0,2022-05-22
121436,547,1100.0,2022-05-22
121437,548,1970.0,2022-05-22
121438,549,1200.0,2022-05-22
121439,550,1100.0,2022-05-22
121440,551,1100.0,2022-05-22
121441,552,1100.0,2022-05-22
121442,553,1100.0,2022-05-22
121443,554,3670.0,2022-05-22
121444,555,1100.0,2022-05-22
121445,556,1100.0,2022-05-22
121446,557,1590.0,2022-05-22
121447,558,1100.0,2022-05-22
121448,559,1205.0,2022-05-22
121449,560,1370.0,2022-05-22
121450,561,1100.0,2022-05-22
121451,562,14070.0,2022-05-22
121452,563,1100.0,2022-05-22
